Brand Name,Models in Production,Models Discontinued,Model Name,Model Type,Model Production Years,Model Fuel type
AC,0,7,Ace,convertibles,1993 - 1996,Gasoline
AC,0,7,Aceca,coupes,1998 - 2000,Gasoline
AC,0,7,Cobra,coupes,1963 - 1967,Gasoline
AC,0,7,Frua Convertible,convertibles,1966 - 1971,Gasoline
AC,0,7,Frua Coupe,coupes,1966 - 1973,Gasoline
ACURA,11,50,MDX,SUV,2001 - present,Gasoline · Hybrid
ACURA,11,50,RDX,SUV,2006 - present,Gasoline
ACURA,11,50,TLX,Sedan,2015 - present,Gasoline
ACURA,11,50,ILX,Sedan,2012 - present,Hybrid · Gasoline
ACURA,11,50,RLX,Sedan,2013 - present,Hybrid · Gasoline
ACURA,11,50,ZDX,SUV,2009 - present,Gasoline · Electric
ACURA,11,50,NSX,Coupe,1991 - present,Gasoline · Hybrid
ACURA,11,50,Integra Sedan,Sedan,1986 - present,Gasoline
ACURA,11,50,ADX,SUV,2024 - present,Gasoline
ALFA ROMEO,11,87,Giulia,sedans,1962 - present,Gasoline · Diesel
ALFA ROMEO,11,87,Stelvio,suvs,2017 - present,Gasoline · Diesel
ALFA ROMEO,11,87,Giulietta,coupes,1954 - present,Gasoline · Natural gas · Diesel
ALFA ROMEO,11,87,4C,coupes,2013 - present,Gasoline
ALFA ROMEO,11,87,4C Spider,convertibles,2015 - present,Gasoline
ALFA ROMEO,11,87,Giulia Veloce,sedans,2016 - present,Gasoline · Diesel
ALFA ROMEO,11,87,Giulia GTA,hatchbacks,2020 - present,Gasoline
ALFA ROMEO,11,87,Junior,suvs,2024 - present,Electric · Hybrid gasoline
ALFA ROMEO,11,87,Giulia Quadrifoglio,sedans,2016 - present,Gasoline
ALFA ROMEO,11,87,Tonale,suvs,2022 - present,Hybrid gasoline
ALPINE,6,4,A110S,coupes,2019 - present,Gasoline
ALPINE,6,4,A110,coupes,1962 - present,Gasoline
ALPINE,6,4,A290,suvs,2024 - present,Electric
ALPINE,6,4,A106,coupes,1955 - 1964,Gasoline
ALPINE,6,4,A108,coupes,1958 - 1965,Gasoline
ARIEL,3,2,Atom,Convertible,1999 - present,Gasoline
ARIEL,3,2,Nomad,SUV,2015 - present,Gasoline
ARO,0,6,10 Series,SUV,1980 - 2004,"Gasoline, Diesel"
ARO,0,6,24 Series,SUV,1972 - 2006,"Diesel, Gasoline"
ARO,0,6,IMS Series,SUV,1957 - 1959,Diesel
ARO,0,6,M Series,SUV,1959 - 1975,"Diesel, Gasoline"
ARTEGA,1,1,Scalo,coupes,2015 - present,Electric
ARTEGA,1,1,GT,coupes,2010 - 2012,Gasoline
ASTON MARTIN,26,61,DBX,SUV,2020 - present,Gasoline
ASTON MARTIN,26,61,V12 Vantage,Coupe,2009 - present,Gasoline
ASTON MARTIN,26,61,Vanquish Volante,Convertible,2013 - present,Gasoline
ASTON MARTIN,26,61,Vanquish,Convertible,2013 - present,Gasoline
ASTON MARTIN,26,61,V8 Vantage,Coupe,2001 - present,Gasoline
ASTON MARTIN,26,61,DBS,Coupe,1973 - present,Gasoline
ASTON MARTIN,26,61,DB11 Volante,Coupe,1967 - present,Gasoline
ASTON MARTIN,26,61,Rapide AMR,Convertible,2018 - present,Gasoline
ASTON MARTIN,26,61,V8 Vantage S Roadster,Coupe,2017 - present,Gasoline
ASTON MARTIN,26,61,Rapide E,Convertible,2011 - present,Gasoline
ASTON MARTIN,26,61,V12 Zagato,Coupe,2019 - present,Electric
ASTON MARTIN,26,61,DB12 Volante,Coupe,2012 - present,Gasoline
ASTON MARTIN,26,61,V8 Vantage S,Convertible,2023 - present,Gasoline
ASTON MARTIN,26,61,DB12,Coupe,2011 - present,Gasoline
ASTON MARTIN,26,61,Valhalla,Coupe,2023 - present,Gasoline
ASTON MARTIN,26,61,Vantage GT8,Coupe,2022 - present,Hybrid gasoline
ASTON MARTIN,26,61,DB11,Coupe,2016 - present,Gasoline
ASTON MARTIN,26,61,V12 Vantage S Roadster,Coupe,2016 - present,Gasoline
ASTON MARTIN,26,61,Vantage Roadster,Convertible,2014 - present,Gasoline
ASTON MARTIN,26,61,Vantage,Coupe,2020 - present,Gasoline
ASTON MARTIN,26,61,Cygnet,Hatchback,2011 - 2013,Gasoline
ASTON MARTIN,26,61,DB AR1,Coupe,2003 - 2004,Gasoline
ASTON MARTIN,26,61,DB Mark III,Coupe,1957 - 1959,Gasoline
ASTON MARTIN,26,61,DB2,Coupe,1950 - 1953,Gasoline
ASTON MARTIN,26,61,DB4,Coupe,1958 - 1963,Gasoline
ASTON MARTIN,26,61,DB5,Coupe,1963 - 1965,Gasoline
ASTON MARTIN,26,61,DB6,Coupe,1965 - 1970,Gasoline
ASTON MARTIN,26,61,DB6 Volante,Convertible,1965 - 1970,Gasoline
ASTON MARTIN,26,61,DB7,Coupe,1993 - 2004,Gasoline
ASTON MARTIN,26,61,DB7 Volante,Convertible,1996 - 2003,Gasoline
ASTON MARTIN,26,61,DB9,Coupe,2004 - 2016,Gasoline
ASTON MARTIN,26,61,DB9 Volante,Convertible,2004 - 2015,Gasoline
ASTON MARTIN,26,61,DBS Volante,Convertible,2009 - 2012,Gasoline
ASTON MARTIN,26,61,Lagonda,Sedan,1976 - 1989,Gasoline
ASTON MARTIN,26,61,One-77,Coupe,2009 - 2012,Gasoline
ASTON MARTIN,26,61,Rapide,Sedan,2010 - 2013,Gasoline
ASTON MARTIN,26,61,Rapide S,Coupe,2013 - 2018,Gasoline
ASTON MARTIN,26,61,V12 Speedster,Coupe,2020 - 2022,Gasoline
ASTON MARTIN,26,61,V12 Vantage AMR,Coupe,2017 - 2019,Gasoline
ASTON MARTIN,26,61,V8 Volante,Convertible,1978 - 2014,Gasoline
ASTON MARTIN,26,61,Vanquish S,Coupe,2004 - 2018,Gasoline
ASTON MARTIN,26,61,Vantage GT12,Coupe,2015 - 2016,Gasoline
ASTON MARTIN,26,61,Virage,Coupe,1988 - 2012,Gasoline
ASTON MARTIN,26,61,Virage Volante,Convertible,1992 - 2012,Gasoline
ASTON MARTIN,26,61,Vulcan,Coupe,2015 - 2016,Gasoline
AUDI,78,251,A6,sedans,1994 - present,Diesel · Gasoline · Hybrid gasoline · Hybrid · Mild hybrid diesel · Mild hybrid
AUDI,78,251,A6 Avant,wagons,1994 - present,Diesel · Gasoline · Hybrid · Mild hybrid
AUDI,78,251,A3 Sedan,sedans,2013 - present,Gasoline · Diesel · Mild hybrid · Mild hybrid diesel
AUDI,78,251,A3 Sportback,hatchbacks,1999 - present,Gasoline · Diesel · Hybrid · Natural gas · Plug-in hybrid · Mild hybrid · Mild hybrid diesel
AUDI,78,251,R8 GT,coupes,2010 - 2024,Gasoline
AUDI,78,251,RS 3 Sedan,sedans,2016 - present,Gasoline
AUDI,78,251,RS 3 Sportback,hatchbacks,2010 - present,Gasoline
AUDI,78,251,A5 Coupe,coupes,2007 - 2024,Gasoline · Diesel
AUDI,78,251,S5 Sportback,sedans,2010 - 2024,Diesel · Gasoline
AUDI,78,251,A5 Sportback,hatchbacks,2009 - 2024,Gasoline · Diesel
AUDI,78,251,S5 Cabriolet,convertibles,2009 - 2024,Gasoline
AUDI,78,251,R8 Spyder,convertibles,2010 - present,Gasoline
AUDI,78,251,SQ7,suvs,2016 - present,Diesel · Gasoline
AUDI,78,251,S3 Sportback,hatchbacks,2008 - present,Gasoline
AUDI,78,251,SQ5 Sportback,suvs,2020 - present,Diesel · Mild hybrid
AUDI,78,251,Q5 Sportback,suvs,2020 - present,Mild hybrid diesel · Mild hybrid · Plug-in hybrid
AUDI,78,251,SQ5,suvs,2013 - present,Diesel · Gasoline · Mild hybrid diesel · Mild hybrid
AUDI,78,251,Q5,suvs,2008 - present,Diesel · Hybrid · Gasoline · Mild hybrid diesel · Mild hybrid · Plug-in hybrid
AUDI,78,251,Q7,suvs,2006 - present,Diesel · Gasoline · Hybrid gasoline
AUDI,78,251,S3 Sedan,sedans,2013 - present,Gasoline
AUDI,78,251,S5,coupes,2007 - present,Gasoline
AUDI,78,251,SQ8,suvs,2019 - present,Diesel · Gasoline
AUDI,78,251,Q8,suvs,2018 - present,Diesel · Hybrid gasoline · Gasoline
AUDI,78,251,A1,hatchbacks,2010 - present,Gasoline · Diesel
AUDI,78,251,R8,coupes,2007 - present,Gasoline · Electric
AUDI,78,251,S8,sedans,1996 - present,Gasoline
AUDI,78,251,SQ2,suvs,2018 - present,Gasoline
AUDI,78,251,Q2,suvs,2016 - present,Gasoline · Diesel
AUDI,78,251,A4,sedans,1994 - present,Gasoline · Diesel · Ethanol · Mild hybrid
AUDI,78,251,Allroad,suvs,2000 - present,Diesel · Gasoline · Hybrid
AUDI,78,251,A4 Avant,wagons,1996 - present,Gasoline · Diesel · Ethanol
AUDI,78,251,RS 4 Avant,wagons,2000 - present,Gasoline
AUDI,78,251,TT RS Roadster,convertibles,2009 - present,Gasoline
AUDI,78,251,RS6 Avant,wagons,2002 - present,Gasoline
AUDI,78,251,TT RS Coupe,coupes,2009 - present,Gasoline
AUDI,78,251,RS7 Sportback,wagons,2013 - present,Gasoline · Mild hybrid
AUDI,78,251,S6 Avant,wagons,1994 - present,Gasoline · Diesel · Electric
AUDI,78,251,S4,sedans,1997 - present,Gasoline · Diesel
AUDI,78,251,S6,sedans,1994 - present,Gasoline · Diesel
AUDI,78,251,RS 5,coupes,2010 - present,Gasoline
AUDI,78,251,S4 Avant,wagons,1997 - present,Gasoline · Diesel
AUDI,78,251,RS5 Sportback,sedans,2018 - present,Gasoline
AUDI,78,251,Q3,suvs,2011 - present,Diesel · Gasoline · Mild hybrid
AUDI,78,251,TT Coupe,coupes,1998 - present,Gasoline · Diesel
AUDI,78,251,TT Roadster,convertibles,1999 - present,Gasoline · Diesel
AUDI,78,251,S7 Sportback,sedans,2011 - present,Gasoline · Diesel
AUDI,78,251,A8,sedans,1994 - present,Diesel · Gasoline · Hybrid · Hybrid gasoline · Mild hybrid
AUDI,78,251,A7,sedans,2010 - present,Gasoline · Diesel · Hybrid · Mild hybrid diesel
AUDI,78,251,S3 Cabriolet,convertibles,2014 - present,Gasoline
AUDI,78,251,A4 Allroad,wagons,2009 - present,Diesel · Gasoline
AUDI,78,251,A3 allstreet,hatchbacks,2024 - present,Mild hybrid diesel · Mild hybrid
AUDI,78,251,Q8 e-tron,suvs,2022 - present,Electric
AUDI,78,251,S5 Avant,wagons,2024 - present,Gasoline
AUDI,78,251,SQ6,suvs,2024 - present,Electric
AUDI,78,251,e-tron Sportback,suvs,2019 - present,Electric
AUDI,78,251,SQ8 e-tron,suvs,2023 - present,Electric
AUDI,78,251,e-tron GT,sedans,2021 - present,Electric
AUDI,78,251,A5 Avant,wagons,2024 - present,Mild hybrid diesel · Gasoline
AUDI,78,251,Q4 Sportback,suvs,2021 - present,Electric
AUDI,78,251,A6 Sportback,sedans,2024 - present,Electric
AUDI,78,251,Q6,suvs,2024 - present,Electric
AUDI,78,251,SQ6 Sportback,suvs,2024 - present,Electric
AUDI,78,251,RS Q8,suvs,2019 - present,Gasoline
AUDI,78,251,A5 Sedan,sedans,2024 - present,Mild hybrid diesel · Gasoline
AUDI,78,251,Q6 Sportback,suvs,2024 - present,Electric
AUDI,78,251,Q4 e-tron,suvs,2021 - present,Electric
AUDI,78,251,e-tron,suvs,2019 - present,Electric · Plug-in hybrid
AUDI,78,251,Q3 Sportback,suvs,2019 - present,Gasoline · Diesel
AUDI,78,251,Q8 Sportback,suvs,2023 - present,Electric
AURUS,2,0,Senat,sedan,2018 - present,Hybrid gasoline
BENTLEY,16,39,Continental GT,coupes,2011 - present,Gasoline · Hybrid gasoline
BENTLEY,16,39,Continental GTC,convertibles,2006 - present,Gasoline · Plug-in hybrid
BENTLEY,16,39,Flying Spur,sedans,2014 - present,Gasoline · Hybrid gasoline
BENTLEY,16,39,Bentayga,suvs,2015 - present,Diesel · Gasoline · Hybrid
BENTLEY,16,39,Bentayga Speed,suvs,2019 - present,Gasoline
BENTLEY,16,39,Mulsanne,sedans,2009 - present,Gasoline
BENTLEY,16,39,Mulliner,convertibles,2020 - present,Gasoline
BENTLEY,16,39,Batur Convertible,convertibles,2024 - present,Gasoline
BMW,61,236,iX,suvs,2021 - present,Electric
BMW,61,236,iX M,suvs,2022 - 2025,Electric
BMW,61,236,1 Series,hatchbacks,2004 - present,Gasoline · Diesel · Mild hybrid
BMW,61,236,i4,suvs,2021 - present,Electric
BMW,61,236,X3,suvs,2004 - present,Diesel · Gasoline · Mild hybrid · Mild hybrid diesel · Hybrid gasoline
BMW,61,236,M4 CS,coupes,2017 - present,Gasoline
BMW,61,236,M3 Touring,wagons,2022 - present,Gasoline
BMW,61,236,2 Series Gran Coupe,coupes,2019 - present,Diesel · Gasoline · Mild hybrid · Mild hybrid diesel
BMW,61,236,5 Series Touring,wagons,1992 - present,Diesel · Gasoline · Mild hybrid diesel · Mild hybrid
BMW,61,236,3 Series Sedan,sedans,1982 - present,Diesel · Gasoline · Hybrid · Hybrid gasoline · Mild hybrid diesel · Mild hybrid
BMW,61,236,M2,coupes,2015 - present,Gasoline
BMW,61,236,3 Series Touring,wagons,1988 - present,Gasoline · Diesel · Mild hybrid diesel · Hybrid gasoline · Mild hybrid
BMW,61,236,M4 Convertible,convertibles,2014 - present,Gasoline
BMW,61,236,4 Series Convertible,convertibles,2014 - present,Diesel · Gasoline · Mild hybrid diesel · Mild hybrid
BMW,61,236,M4,coupes,2014 - present,Gasoline
BMW,61,236,4 Series Coupe,coupes,2014 - present,Diesel · Gasoline · Mild hybrid diesel · Mild hybrid
BMW,61,236,M3 Sedan,sedans,2013 - present,Gasoline
BMW,61,236,4 Series Gran Coupe,coupes,2014 - present,Diesel · Gasoline · Mild hybrid diesel · Mild hybrid
BMW,61,236,X6 M,suvs,2009 - present,Gasoline · Mild hybrid
BMW,61,236,X6,suvs,2008 - present,Diesel · Gasoline · Hybrid · Hybrid diesel · Mild hybrid · Mild hybrid diesel
BMW,61,236,X5 M,suvs,2009 - present,Gasoline · Mild hybrid
BMW,61,236,X2,suvs,2018 - present,Gasoline · Diesel · Hybrid · Mild hybrid
BMW,61,236,M5,sedans,1979 - present,Gasoline · Hybrid gasoline
BMW,61,236,X5,suvs,2000 - present,Diesel · Gasoline · Hybrid · Mild hybrid diesel · Mild hybrid · Hybrid gasoline
BMW,61,236,8 Series Coupe,coupes,2018 - present,Diesel · Gasoline
BMW,61,236,X7,suvs,2018 - present,Mild hybrid diesel · Mild hybrid · Diesel · Gasoline
BMW,61,236,8 Series Convertible,convertibles,2018 - present,Diesel · Gasoline
BMW,61,236,7 Series,sedans,1977 - present,Diesel · Gasoline · Hybrid · Mild hybrid · Hybrid gasoline · Mild hybrid diesel · Electric
BMW,61,236,M8 Coupe,coupes,2019 - present,Gasoline
BMW,61,236,M8 Convertible,convertibles,2019 - present,Gasoline
BMW,61,236,X1,suvs,2009 - present,Diesel · Gasoline · Hybrid · Mild hybrid · Mild hybrid diesel
BMW,61,236,2 Series Coupe,coupes,2013 - present,Diesel · Gasoline
BMW,61,236,X4,suvs,2014 - present,Gasoline · Diesel · Mild hybrid diesel · Mild hybrid
BMW,61,236,2 Series Active Tourer,hatchbacks,2014 - present,Diesel · Gasoline · Hybrid gasoline · Mild hybrid
BMW,61,236,5 Series Sedan,sedans,1972 - present,Diesel · Gasoline · Hybrid · Hybrid gasoline · Mild hybrid diesel · Mild hybrid · Plug-in hybrid
BMW,61,236,6 Series Gran Turismo,hatchbacks,2017 - present,Diesel · Gasoline · Mild hybrid diesel · Mild hybrid
BMW,61,236,2 Series Convertible,convertibles,2014 - present,Gasoline · Diesel
BMW,61,236,i3,hatchbacks,2013 - present,Electric · Hybrid
BMW,61,236,1 Series 3 doors,hatchbacks,2007 - present,Diesel · Gasoline
BMW,61,236,Z4 Roadster,convertibles,2002 - present,Gasoline
BMW,61,236,M5 Touring,wagons,1992 - present,Gasoline · Hybrid gasoline
BMW,61,236,i7,sedans,2022 - present,Electric
BMW,61,236,M8 Gran Coupe,coupes,2022 - present,Gasoline
BMW,61,236,M3 CS Touring,hatchbacks,2025 - present,Gasoline
BMW,61,236,i5,sedans,2023 - present,Electric
BMW,61,236,iX3,suvs,2020 - present,Electric
BMW,61,236,X4 M,suvs,2019 - present,Gasoline
BMW,61,236,X3 M,suvs,2019 - present,Gasoline · Hybrid
BMW,61,236,i5 Touring,wagons,2024 - present,Electric
BMW,61,236,1 Series Sedan,sedans,2017 - present,Gasoline
BMW,61,236,8 Series Gran Coupe,sedans,2019 - present,Diesel · Gasoline
BMW,61,236,iX2,suvs,2023 - present,Electric
BMW,61,236,XM,suvs,2022 - present,Plug-in hybrid
BMW,61,236,iX1,suvs,2022 - present,Electric
BRISTOL,1,21,Bullet,convertibles,2017 - present,Gasoline
BRISTOL,1,21,400,coupes,1946 - 1950,Gasoline
BRISTOL,1,21,402,coupes,1949 - 1950,Gasoline
BRISTOL,1,21,403,convertibles,1949 - 1950,Gasoline
BRISTOL,1,21,404,coupes,1953 - 1955,Gasoline
BRISTOL,1,21,405,coupes,1953 - 1955,Gasoline
BRISTOL,1,21,406,coupes,1954 - 1958,Gasoline
BRISTOL,1,21,407,coupes,1958 - 1961,Gasoline
BRISTOL,1,21,408,coupes,1961 - 1963,Gasoline
BRISTOL,1,21,411,coupes,1963 - 1966,Gasoline
BRISTOL,1,21,412,coupes,1972 - 1974,Gasoline
BRISTOL,1,21,603,convertibles,1975 - 1978,Gasoline
BRISTOL,1,21,Blenheim,coupes,1976 - 1994,Gasoline
BRISTOL,1,21,Fighter,coupes,1994 - 2011,Gasoline · Hybrid
BRISTOL,1,21,Series 6,coupes,2002 - 2011,Gasoline
BRISTOL,1,21,Series 6,coupes,2010 - 2011,Gasoline
BUFORI,2,3,Geneva,sedan,2010 - present,Gasoline
BUFORI,2,3,La Joya,coupe,2004 - present,Gasoline
BUGATTI,9,30,Chiron,coupes,2016 - present,Gasoline
BUGATTI,9,30,Bolide,coupes,2022 - present,Gasoline
BUGATTI,9,30,Centodieci,coupes,2019 - present,Gasoline
BUGATTI,9,30,Mistral,convertibles,2022 - present,Gasoline
BUGATTI,9,30,La Voiture Noire,coupes,2019 - present,Gasoline
BUGATTI,9,30,Divo,coupes,2018 - present,Gasoline
BUGATTI,9,30,Tourbillon,coupes,2024 - present,Plug-in hybrid
BUGATTI,9,30,EB 110,coupes,1991 - 1995,Gasoline
BUGATTI,9,30,Type 10,convertibles,1908 - 1909,Gasoline
BUGATTI,9,30,Type 101,convertibles,1951 - 1956,Gasoline
BUGATTI,9,30,Type 18,convertibles,1912 - 1914,Gasoline
BUGATTI,9,30,Type 19,convertibles,1911 - 1911,Gasoline
BUGATTI,9,30,Type 2,convertibles,1900 - 1901,Gasoline
BUGATTI,9,30,Type 23,convertibles,1913 - 1914,Gasoline
BUGATTI,9,30,Type 251,convertibles,1955 - 1956,Gasoline
BUGATTI,9,30,Type 30,convertibles,1922 - 1926,Gasoline
BUGATTI,9,30,Type 38,convertibles,1926 - 1927,Gasoline
BUGATTI,9,30,Type 40,convertibles,1926 - 1930,Gasoline
BUGATTI,9,30,Type 41,sedans,1929 - 1933,Gasoline
BUGATTI,9,30,Type 43,convertibles,1931 - 1932,Gasoline
BUGATTI,9,30,Type 44,convertibles,1927 - 1930,Gasoline
BUGATTI,9,30,Type 46,coupes,1929 - 1936,Gasoline
BUGATTI,9,30,Type 49,convertibles,1930 - 1934,Gasoline
BUGATTI,9,30,Type 5,coupes,1903 - 0,Gasoline
BUGATTI,9,30,Type 50,coupes,1930 - 1934,Gasoline
BUGATTI,9,30,Type 55,convertibles,1932 - 1935,Gasoline
BUGATTI,9,30,Type 57,coupes,1934 - 1940,Gasoline
BUGATTI,9,30,Type 64,coupes,1939 - 0,Gasoline
BUGATTI,9,30,Veyron,coupes,2005 - 2015,Gasoline
BUICK,5,52,Enclave,SUV,2007 - present,Gasoline
BUICK,5,52,Encore,SUV,2013 - present,Gasoline
BUICK,5,52,Envision,SUV,2014 - present,Gasoline · Mild hybrid
BUICK,5,52,Envista,SUV,2023 - present,Gasoline
BUICK,5,52,Regal Sportback,Sedan,2017 - present,Gasoline
BUICK,5,52,Cascada,Convertible,2016 - 2019,Gasoline
BUICK,5,52,Century,Sedan,1939 - 2005,Gasoline
BUICK,5,52,Gran Sport,Coupe,1970 - 1971,Gasoline
BUICK,5,52,LaCrosse,Sedan,2004 - 2019,Gasoline · Hybrid
BUICK,5,52,LeSabre,Sedan,1991 - 2005,Gasoline
BUICK,5,52,Lucerne,Sedan,2005 - 2011,Gasoline
BUICK,5,52,Model 21,Convertible,1911 - 1911,Gasoline
BUICK,5,52,Model 26,Convertible,1911 - 0,Gasoline
BUICK,5,52,Model 27,Convertible,1911 - 0,Gasoline
BUICK,5,52,Model 32,Convertible,1911 - 0,Gasoline
BUICK,5,52,Model 33,Convertible,1911 - 0,Gasoline
BUICK,5,52,Model 38,Convertible,1911 - 0,Gasoline
BUICK,5,52,Model 39,Convertible,1911 - 0,Gasoline
BUICK,5,52,Model 41,Sedan,1911 - 0,Gasoline
BUICK,5,52,Model C,Convertible,1905 - 0,Gasoline
BUICK,5,52,Park Avenue,Sedan,1991 - 2005,Gasoline
BUICK,5,52,Rainier,SUV,2003 - 2007,Gasoline
BUICK,5,52,Reatta,Coupe,1988 - 1991,Gasoline
BUICK,5,52,Regal,Sedan,1988 - 2019,Gasoline · · Mild hybrid
BUICK,5,52,Rendezvous,SUV,2002 - 2007,Gasoline
BUICK,5,52,Riviera,Coupe,1963 - 1993,Gasoline
BUICK,5,52,Roadmaster,Convertible,1940 - 1958,Gasoline
BUICK,5,52,Skylark,Convertible,1953 - 1997,Gasoline
BUICK,5,52,Super Riviera,Coupe,1956 - 1959,Gasoline
BUICK,5,52,Terraza,Van,2005 - 2007,Gasoline
BUICK,5,52,Verano,Sedan,2012 - 2017,Gasoline
CADILLAC,16,64,XT4,SUV,2018 - 2025,Gasoline
CADILLAC,16,64,Escalade,SUV,2000 - present,Gasoline · Diesel · Electric
CADILLAC,16,64,CT5-V,Sedan,2019 - present,Gasoline
CADILLAC,16,64,CT5,Sedan,2019 - present,Gasoline
CADILLAC,16,64,Optiq,SUV,2023 - present,Gasoline
CADILLAC,16,64,Lyriq,SUV,2022 - present,Electric
CADILLAC,16,64,CT4-V,Sedan,2019 - present,Gasoline
CADILLAC,16,64,CT4,Sedan,2019 - present,Gasoline
CADILLAC,16,64,Lyriq-V,SUV,2025 - present,Electric
CADILLAC,16,64,Celestiq,Sedan,2023 - present,Electric
CADILLAC,16,64,Vistiq,SUV,2023 - present,Electric
CADILLAC,16,64,Escalade IQL,SUV,2025 - present,Electric
CADILLAC,16,64,XT6,SUV,2019 - present,Gasoline
CATERHAM,7,1,CSR,convertibles,2005 - present,Gasoline
CATERHAM,7,1,Roadsport,convertibles,2007 - present,Gasoline
CATERHAM,7,1,Supersport,convertibles,2012 - present,Gasoline
CATERHAM,7,1,Seven 160,convertibles,2013 - present,Gasoline
CATERHAM,7,1,Superlight,convertibles,2013 - present,Gasoline
CATERHAM,7,1,Seven 620,convertibles,2013 - present,Gasoline
CATERHAM,7,1,The Super Seven 1600,convertibles,2020 - present,Gasoline
CATERHAM,7,1,Classic,convertibles,2000 - 2005,Gasoline
CHEVROLET,43,193,Equinox,SUV,2004 - present,Gasoline · Diesel · Electric
CHEVROLET,43,193,Corvette ZR1,Coupe,2008 - present,Gasoline
CHEVROLET,43,193,Suburban,SUV,1999 - present,Gasoline · Natural gas · Diesel
CHEVROLET,43,193,TrailBlazer,SUV,2000 - present,Gasoline · Diesel
CHEVROLET,43,193,Tahoe,SUV,1991 - present,Gasoline · Diesel · Ethanol · Hybrid gasoline
CHEVROLET,43,193,Silverado,Truck,2008 - present,Gasoline · Natural gas · Diesel · Electric
CHEVROLET,43,193,Blazer,SUV,1995 - present,Gasoline · Electric
CHEVROLET,43,193,Bolt,Hatchback,2016 - present,Electric
CHEVROLET,43,193,Traverse,SUV,2008 - present,Gasoline
CHEVROLET,43,193,Trax,Hatchback,2013 - present,Gasoline · Diesel
CHEVROLET,43,193,Corvette Coupe,Coupe,1956 - present,Gasoline · Hybrid gasoline
CHEVROLET,43,193,Matiz / Spark,Hatchback,2000 - present,Gasoline · Diesel
CHEVROLET,43,193,Malibu,Sedan,1996 - present,Gasoline · Hybrid · Ethanol · Hybrid gasoline
CHEVROLET,43,193,Cruze,Sedan,2009 - present,Gasoline · Diesel
CHEVROLET,43,193,Cruze - 5 doors,Hatchback,2011 - present,Gasoline · Diesel
CHEVROLET,43,193,Sonic Sedan,Sedan,2011 - present,Diesel · Gasoline
CHEVROLET,43,193,Silverado 2500HD,Truck,2007 - present,Gasoline · Diesel
CHEVROLET,43,193,Corvette Convertible,Convertible,1953 - present,Gasoline · Hybrid gasoline
CHEVROLET,43,193,Corvette Z06,Coupe,2008 - present,Gasoline
CHEVROLET,43,193,Colorado Extended Cab,Truck,2003 - present,Gasoline
CHEVROLET,43,193,Colorado Double Cab,Truck,2003 - present,Gasoline · Diesel
CHEVROLET,43,193,Captiva,SUV,2006 - present,Diesel · Gasoline
CHEVROLET,43,193,Cobalt Sedan,Sedan,2004 - present,Gasoline · Diesel
CHEVROLET,43,193,Express,Van,1995 - present,Gasoline · Diesel · Hybrid
CHEVROLET,43,193,Tracker,SUV,1999 - present,Gasoline
CHEVROLET,43,193,Sonic RS,Hatchback,2012 - present,Gasoline
CHEVROLET,43,193,Cruze Wagon,Wagon,2012 - present,Gasoline · Diesel
CHEVROLET,43,193,Onix,Hatchback,2012 - present,Gasoline · Ethanol
CHEVROLET,43,193,Corvette ZR1 Convertible,Convertible,2024 - present,
CHEVROLET,43,193,Corvette Z06 Convertible,Convertible,2014 - present,Gasoline
CHEVROLET,43,193,Prisma,Sedan,2013 - present,Gasoline
CHEVROLET,43,193,Spin,Van,2012 - present,Gasoline · Diesel · Ethanol
CHEVROLET,43,193,Corvette E-Ray,Coupe,2023 - present,
CHRYSLER,3,50,300,sedans,2011 - present,Diesel · Gasoline
CHRYSLER,3,50,Pacifica,vans,2003 - present,Gasoline
CHRYSLER,3,50,300C,sedans,1957 - present,Gasoline · Diesel
CITROEN,18,131,C4,SUV,2020 - present,Electric · Diesel · Gasoline · Mild hybrid
CITROEN,18,131,C3 Aircross,SUV,2017 - present,Gasoline · Diesel · Mild hybrid
CITROEN,18,131,C5 Aircross,SUV,2018 - present,Gasoline · Diesel · Hybrid gasoline · Mild hybrid · Plug-in hybrid
CITROEN,18,131,C4 Cactus,Hatchback,2014 - 2020,Gasoline · Diesel
CITROEN,18,131,C3,Hatchback,2002 - present,Gasoline · Diesel · Natural gas
CITROEN,18,131,Berlingo,Van,1996 - present,Natural gas · Gasoline · Diesel
CITROEN,18,131,E-Mehari,Convertible,2016 - present,Electric
CITROEN,18,131,C4 Picasso,Van,2007 - present,Diesel · Gasoline
CITROEN,18,131,Grand C4 Picasso,Van,2006 - present,Diesel · Gasoline
CITROEN,18,131,C1 5 Doors,Hatchback,2005 - present,Gasoline · Diesel
CITROEN,18,131,C1 3 Doors,Hatchback,2005 - present,Gasoline · Diesel
CITROEN,18,131,C5 X,SUV,2021 - present,Gasoline · Hybrid gasoline
CITROEN,18,131,C-Elysee,Sedan,2013 - present,Gasoline · Diesel
CITROEN,18,131,DS5,Hatchback,2011 - present,Diesel · Gasoline · Hybrid diesel
CITROEN,18,131,AMI,Coupe,2020 - present,Electric
CITROEN,18,131,C5 Crosstourer,Wagon,2014 - present,Diesel
CUPRA,7,3,Leon,hatchbacks,2020 - present,Hybrid · Gasoline · Mild hybrid · Plug-in hybrid · Diesel
CUPRA,7,3,Formentor,suvs,2020 - present,Plug-in hybrid · Gasoline · Diesel · Mild hybrid
CUPRA,7,3,Leon Sportstourer,hatchbacks,2020 - present,Gasoline · Diesel · Plug-in hybrid
CUPRA,7,3,Tavascan,suvs,2023 - present,Electric
CUPRA,7,3,Born,suvs,2021 - present,Electric
CUPRA,7,3,Ateca,suvs,2018 - present,Gasoline
CUPRA,7,3,Terramar,suvs,2024 - present,Mild hybrid · Plug-in hybrid
DACIA,10,43,Dacia Spring,SUV,2021 - present,Electric
DACIA,10,43,Dacia Duster,SUV,2010 - present,Gasoline · Diesel · Natural gas · Liquefied petroleum gas (lpg) · Mild hybrid · Hybrid gasoline
DACIA,10,43,Dacia Jogger,SUV,2020 - present,Gasoline · Liquefied petroleum gas (lpg) · Hybrid gasoline
DACIA,10,43,Dacia Logan,Sedan,2004 - present,Gasoline · Diesel · Natural gas
DACIA,10,43,Dacia Sandero,Hatchback,2008 - present,Gasoline · Natural gas · Diesel · Ethanol · Liquefied petroleum gas (lpg)
DACIA,10,43,Dacia Sandero Stepway,SUV,2009 - present,Diesel · Gasoline · Liquefied petroleum gas (lpg)
DACIA,10,43,Dacia Duster Pick-Up,Truck,2020 - present,Diesel
DACIA,10,43,Dacia Bigster,SUV,2024 - present,Liquefied petroleum gas (lpg) · Mild hybrid · Hybrid gasoline
DACIA,10,43,Dacia Dokker,Van,2012 - present,Gasoline · Diesel · Natural gas
DAEWOO,0,30,Cielo,sedans,1994 - 1997,Gasoline · Hybrid
DAEWOO,0,30,Cielo Hatchback 3 Doors,hatchbacks,1994 - 1997,Gasoline
DAEWOO,0,30,Cielo Hatchback 5 Doors,hatchbacks,1994 - 1997,Gasoline
DAEWOO,0,30,Damas II,vans,2003 - 2011,Hybrid
DAEWOO,0,30,Espero,sedans,1990 - 1997,Gasoline
DAEWOO,0,30,G2X,convertibles,2006 - 2009,Gasoline
DAEWOO,0,30,Gentra,hatchbacks,2005 - 2011,Gasoline
DAEWOO,0,30,Lacetti,sedans,2002 - 2009,Gasoline · Diesel
DAEWOO,0,30,Lacetti 5 doors,hatchbacks,2003 - 2011,Gasoline · Diesel
DAEWOO,0,30,Lacetti Wagon,wagons,2003 - 2006,Gasoline
DAEWOO,0,30,Lanos,sedans,1996 - 2002,Gasoline
DAEWOO,0,30,Lanos Hatchback 3 Doors,hatchbacks,1996 - 2002,Gasoline
DAEWOO,0,30,Lanos Hatchback 5 Doors,hatchbacks,1996 - 2002,Gasoline
DAEWOO,0,30,Leganza,sedans,1997 - 2002,Gasoline
DAEWOO,0,30,Magnus,sedans,2002 - 2006,Gasoline
DAEWOO,0,30,Matiz,hatchbacks,1998 - 2009,Gasoline
DAEWOO,0,30,Nubira,sedans,1997 - 2003,Gasoline
DAEWOO,0,30,Nubira Estate,wagons,1997 - 2003,Gasoline
DAEWOO,0,30,Nubira Hatchback,hatchbacks,1997 - 2004,Gasoline
DAEWOO,0,30,Statesman,sedans,2003 - 2006,Gasoline
DAEWOO,0,30,Tacuma,vans,2000 - 2008,Gasoline
DAEWOO,0,30,Tico,hatchbacks,1991 - 2001,Gasoline
DAEWOO,0,30,Tosca,sedans,2006 - 2015,Gasoline · Diesel
DAEWOO,0,30,Winstorm,suvs,2006 - 2011,Diesel · Gasoline
DAIHATSU,3,25,Sirion,hatchbacks,1998 - present,Gasoline
DAIHATSU,3,25,Ayla,hatchbacks,2013 - present,Gasoline
DAIHATSU,3,25,Cuore,hatchbacks,2007 - present,"Gasoline"" "
DATSUN,4,2,GO,hatchbacks,2013 - present,Gasoline
DATSUN,4,2,GO+,hatchbacks,2013 - present,Gasoline
DATSUN,4,2,Mi-Do,hatchbacks,2014 - present,Gasoline
DATSUN,4,2,on-Do,sedans,2014 - present,Gasoline
DeLorean,0,1,DMC-12,Coupe,1981 - 1983,Gasoline
DODGE,12,60,Durango,SUV,1997 - present,Gasoline
DODGE,12,60,Durango SRT,SUV,2017 - present,Gasoline
DODGE,12,60,Charger SRT,Sedan,2006 - present,Gasoline
DODGE,12,60,Challenger SRT,Coupe,2009 - present,Gasoline
DODGE,12,60,Charger,Coupe,1966 - present,Gasoline · Electric
DODGE,12,60,Journey,SUV,2008 - present,Diesel · Gasoline
DODGE,12,60,Ram,Truck,1993 - present,Gasoline · Diesel
DODGE,12,60,Hornet,SUV,2022 - present,Gasoline · Hybrid gasoline
DONKERVOORT,0,1,D8,convertibles,1993 - 2012,Gasoline
DR MOTOR,0,4,dr cityCROSS,SUV,2013 - 2016,Gasoline
DR MOTOR,0,4,dr1,SUV,2013 - 2016,Gasoline
DR MOTOR,0,4,dr2,Hatchback,2009 - 2014,
DR MOTOR,0,4,dr5,Hatchback,2007 - 2020,Gasoline
DS AUTOMOBILES,7,6,DS 7,SUV,2017 - present,Gasoline · Diesel · Hybrid gasoline
DS AUTOMOBILES,7,6,DS 3,Hatchback,2014 - present,Gasoline · Diesel · Electric
DS AUTOMOBILES,7,6,DS 8,Sedan,2024 - present,Electric
DS AUTOMOBILES,7,6,DS 3 Crossback,SUV,2018 - present,Gasoline · Diesel · Electric
DS AUTOMOBILES,7,6,DS 4,Hatchback,2021 - present,Gasoline · Diesel · Hybrid gasoline
DS AUTOMOBILES,7,6,DS 5,Hatchback,2016 - present,Diesel · Gasoline · Hybrid diesel
DS AUTOMOBILES,7,6,DS 9,Sedan,2020 - present,Hybrid · Plug-in hybrid · Gasoline
EAGLE,0,4,Premier,sedans,1987 - 1993,Gasoline
EAGLE,0,4,Summit,sedans,1993 - 1996,Gasoline
EAGLE,0,4,Summit Wagon,wagons,1992 - 1996,Gasoline
EAGLE,0,4,Talon,coupes,1995 - 1998,Gasoline
FERRARI,23,88,F8,coupes,2019 - present,Gasoline
FERRARI,23,88,Portofino,coupes,2017 - present,Gasoline
FERRARI,23,88,12Cilindri Spider,convertibles,2024 - present,Gasoline
FERRARI,23,88,296 GTB,coupes,2022 - present,Plug-in hybrid
FERRARI,23,88,Purosangue,suvs,2022 - present,Gasoline
FERRARI,23,88,GTC4Lusso T,hatchbacks,2016 - present,Gasoline
FERRARI,23,88,296 GTS,coupes,2022 - present,Hybrid gasoline
FERRARI,23,88,488 Pista,coupes,2018 - present,Gasoline
FERRARI,23,88,Roma Convertible,convertibles,2023 - present,Gasoline
FERRARI,23,88,812,coupes,2017 - present,Gasoline
FERRARI,23,88,GTC4Lusso,hatchbacks,2016 - present,Gasoline
FERRARI,23,88,Daytona,coupes,2021 - present,Gasoline
FERRARI,23,88,Monza,convertibles,2018 - present,Gasoline
FERRARI,23,88,F60 America,convertibles,2014 - present,Gasoline
FERRARI,23,88,12Cilindri,coupes,2024 - present,Gasoline
FERRARI,23,88,Roma,coupes,2019 - present,Gasoline
FERRARI,23,88,F80,coupes,2024 - present,Hybrid gasoline
FERRARI,23,88,SF90,coupes,2019 - present,Hybrid · Hybrid gasoline
FIAT,31,180,500 Abarth,hatchbacks,2008 - present,Gasoline
FIAT,31,180,500X,suvs,2015 - present,Gasoline · Diesel
FIAT,31,180,500,hatchbacks,1957 - present,Gasoline · Diesel · Electric
FIAT,31,180,Doblo,vans,2001 - present,Diesel · Gasoline · Natural gas
FIAT,31,180,Panda 4X4,hatchbacks,1986 - present,Gasoline · Diesel
FIAT,31,180,Panda,hatchbacks,1981 - present,Gasoline · Diesel · Natural gas
FIAT,31,180,600,hatchbacks,1955 - present,Gasoline · Electric
FIAT,31,180,Tipo 5 Doors,hatchbacks,1988 - present,Gasoline · Diesel
FIAT,31,180,124 Spider,convertibles,1966 - present,Gasoline
FIAT,31,180,Topolino,coupes,1936 - present,Gasoline · Electric
FIAT,31,180,500 3+1,hatchbacks,2020 - present,Electric
FIAT,31,180,Panda Cross,suvs,2014 - present,Gasoline · Diesel
FIAT,31,180,Tipo Cross,suvs,2020 - present,Gasoline · Diesel
FIAT,31,180,Panda City Cross,hatchbacks,2017 - present,Gasoline
FIAT,31,180,500L Urban,vans,2017 - present,Gasoline
FIAT,31,180,Tipo,sedans,2015 - present,Diesel · Gasoline
FIAT,31,180,500e,hatchbacks,2013 - present,Electric
FIAT,31,180,500L Trekking,vans,2013 - present,Gasoline · Natural gas
FIAT,31,180,Tipo Station Wagon,wagons,2016 - present,Diesel · Gasoline
FIAT,31,180,Grande Panda,suvs,2024 - present,Mild hybrid · Electric
FIAT,31,180,Uno,hatchbacks,2010 - present,Gasoline
FISKER,1,1,Ocean,SUV,2021 - present,Electric
FISKER,1,1,Karma,Sedan,2011 - 2012,Hybrid
FORD,68,289,Expedition,SUV,1996 - present,Gasoline
FORD,68,289,Kuga,SUV,2008 - present,Diesel · Gasoline
FORD,68,289,Explorer,SUV,2000 - present,Gasoline · Hybrid gasoline
FORD,68,289,Mustang Convertible,Convertible,1964 - present,Gasoline
FORD,68,289,Everest,SUV,2003 - present,Diesel · Gasoline
FORD,68,289,Escape,SUV,2000 - present,Gasoline · Hybrid · Hybrid gasoline · Diesel · Plug-in hybrid
FORD,68,289,Wildtrak,Truck,2019 - present,Diesel
FORD,68,289,Fiesta 5 Doors,Hatchback,1989 - present,Gasoline · Diesel · Natural gas · Mild hybrid
FORD,68,289,Ranger Double Cab,Truck,2011 - present,Diesel · Gasoline
FORD,68,289,Focus Wagon,Wagon,1999 - present,Gasoline · Diesel · Hybrid
FORD,68,289,F-150 Raptor,Truck,2009 - present,Gasoline
FORD,68,289,Focus ST 5 doors,Hatchback,2012 - present,Gasoline · Diesel
FORD,68,289,Focus 5 Doors,Hatchback,1998 - present,Gasoline · Diesel · Hybrid
FORD,68,289,Fiesta ST,Hatchback,2012 - 2021,Gasoline
FORD,68,289,Mustang,Coupe,1964 - present,Gasoline
FORD,68,289,F-150 Super Crew,Truck,2001 - present,Gasoline · Diesel · Hybrid gasoline
FORD,68,289,Galaxy,Van,1995 - present,Diesel · Gasoline
FORD,68,289,S-Max,Van,2006 - present,Diesel · Gasoline
FORD,68,289,GT,Coupe,2004 - present,Gasoline
FORD,68,289,Figo,Hatchback,2010 - present,Gasoline · Diesel
FORD,68,289,Tourneo,Van,2003 - present,Gasoline · Diesel
FORD,68,289,Fusion North American,Sedan,2005 - present,Gasoline · Hybrid · Ethanol · Hybrid gasoline
FORD,68,289,Mondeo Wagon,Wagon,1993 - present,Gasoline · Diesel · Hybrid gasoline
FORD,68,289,Edge,SUV,2006 - present,Gasoline · Diesel
FORD,68,289,Ka+,Hatchback,2016 - present,Gasoline · Diesel
FORD,68,289,EcoSport,SUV,2004 - present,Gasoline · Diesel
FORD,68,289,Fiesta 3 Doors,Hatchback,1976 - present,Gasoline · Diesel · Natural gas
FORD,68,289,Ranger Super Cab,Truck,2000 - present,Gasoline · Diesel
FORD,68,289,Ranger Regular Cab,Truck,2000 - present,Gasoline · Diesel
FORD,68,289,F-150 Super Cab,Truck,2001 - present,Gasoline · Electric
FORD,68,289,F-150 Regular Cab,Truck,1996 - present,Gasoline
FORD,68,289,Focus RS,Hatchback,2002 - present,Gasoline
FORD,68,289,Puma,SUV,1998 - present,Gasoline · Mild hybrid · Diesel
FORD,68,289,Bronco,SUV,1966 - present,Gasoline
FORD,68,289,Mustang MACH-E,SUV,2020 - present,Electric
FORD,68,289,Super Duty,Truck,2021 - present,Diesel · Gasoline
FORD,68,289,Explorer Electric,SUV,2023 - present,Electric
FORD,68,289,Raptor Ranger,SUV,2018 - present,Diesel · Gasoline
FORD,68,289,Ranger Tremor,Truck,2023 - present,Diesel · Gasoline
FORD,68,289,Transit Custom,Van,2019 - present,Diesel
FORD,68,289,E-Tourneo,Van,2023 - present,Electric
FORD,68,289,Ranger Wildtrak,Truck,2023 - present,Diesel
FORD,68,289,Maverick,Truck,2021 - present,Gasoline · Hybrid gasoline
FORD,68,289,Ka+ Active,Hatchback,2018 - present,Gasoline · Diesel
FORD,68,289,Edge ST,SUV,2018 - present,Gasoline
FORD,68,289,Territory,SUV,2018 - present,Gasoline
FORD,68,289,Puma ST,SUV,2020 - present,Gasoline
FORD,68,289,Transit Connect Wagon,Wagon,2018 - present,Gasoline
FORD,68,289,Mustang Mach 1,Coupe,2020 - present,Gasoline
FORD,68,289,Capri SUV,SUV,2024 - present,Electric
FSO,0,6,125,Car,1968 - 1978,Gasoline
FSO,0,6,Polonez,Car,1978 - 1985,Gasoline
FSO,0,6,Polonez Atu,Car,1993 - 2003,Gasoline
FSO,0,6,Polonez Caro,Car,1991 - 2002,Gasoline · Diesel
FSO,0,6,Polonez Kombi,Car,1999 - 2002,Gasoline
FSO,0,6,Prima,Car,1988 - 1996,Gasoline · Diesel
GEELY,4,3,Emgrand EC7,sedans,2009 - present,Gasoline
GEELY,4,3,Galaxy,sedans,2023 - present,Gasoline
GEELY,4,3,LC,hatchbacks,2009 - present,Gasoline
GEELY,4,3,CK,sedans,2005 - 2016,Gasoline
GEELY,4,3,MK,sedans,2006 - 2014,Gasoline
GENESIS,8,6,GV70,SUV,2020 - present,Diesel · Gasoline · Electric
GENESIS,8,6,GV80,SUV,2020 - present,Diesel · Gasoline
GENESIS,8,6,G90,Sedan,2016 - present,Gasoline
GENESIS,8,6,G70,Sedan,2017 - present,Gasoline · Diesel
GENESIS,8,6,G80,Sedan,2016 - present,Gasoline · Diesel · Electric
GENESIS,8,6,GV60,SUV,2022 - present,Electric
GENESIS,8,6,G70 Shooting Brake,Wagon,2021 - present,Gasoline · Diesel
GENESIS,8,6,GV80 Coupe,SUV,2023 - present,""" "
GMC,18,41,Terrain,SUV,2009 - present,"Gasoline, Diesel"
GMC,18,41,Sierra,Truck,2007 - present,"Gasoline, Ethanol, Hybrid, Electric, Diesel"
GMC,18,41,Yukon XL,SUV,1999 - present,Gasoline
GMC,18,41,Yukon,SUV,1999 - present,"Gasoline, Hybrid gasoline, Diesel"
GMC,18,41,Acadia,SUV,2007 - present,Gasoline
GMC,18,41,Savana,Van,1995 - present,"Gasoline, Diesel, Natural gas"
GMC,18,41,Canyon Crew Cab,Truck,2004 - present,"Gasoline, Diesel"
GMC,18,41,Sierra 2500HD,Truck,2008 - present,"Gasoline, Diesel, Hybrid"
GMC,18,41,Hummer EV,Truck,2021 - present,Electric
GMC,18,41,Hummer EV SUV,SUV,2023 - present,Gasoline
GORDON MURRAY Automotive,2,0,T.33,coupes,2022 - present,Gasoline
GORDON MURRAY Automotive,2,0,T.50,coupes,2022 - present,Gasoline
GTA Motor,0,1,Spano,coupes,2012 - 2015,Gasoline
HINDUSTAN,0,3,Ambassador,sedans,1959 - 2014,Hybrid · Diesel · Gasoline
HINDUSTAN,0,3,Pushpak/Trekker,suvs,1999 - 2014,Diesel
HINDUSTAN,0,3,RTV/Ranger,vans,1998 - 2014,"Hybrid · Diesel"" "
HOLDEN,0,67,48-215,sedans,1948 - 1953,Gasoline
HOLDEN,0,67,Adventra,wagons,2003 - 2007,Gasoline
HOLDEN,0,67,Astra 3 Doors,hatchbacks,2004 - 2009,Diesel · Gasoline
HOLDEN,0,67,Astra 5 Doors,hatchbacks,2005 - 2009,Diesel · Gasoline
HOLDEN,0,67,Astra Caravan,wagons,2003 - 2009,Gasoline · Diesel
HOLDEN,0,67,Astra TwinTop,convertibles,2007 - 2009,Gasoline · Diesel
HOLDEN,0,67,Barina 3 Doors,hatchbacks,2000 - 2011,Gasoline · Diesel
HOLDEN,0,67,Barina 5 Doors,hatchbacks,2001 - 2018,Gasoline · Diesel
HOLDEN,0,67,Barina RS,hatchbacks,2013 - 2016,Gasoline
HOLDEN,0,67,Barina Sedan,sedans,2006 - 2018,Gasoline
HOLDEN,0,67,Barina Spark,hatchbacks,2010 - 2016,Gasoline
HOLDEN,0,67,Caprice/Statesman,sedans,1999 - 2017,Gasoline · Natural gas
HOLDEN,0,67,Captiva,suvs,2006 - 2018,Diesel · Gasoline
HOLDEN,0,67,Captiva MaXX,suvs,2006 - 2011,Diesel · Gasoline
HOLDEN,0,67,Combo,vans,2002 - 2012,Gasoline
HOLDEN,0,67,Commodore Sedan,sedans,1997 - 2020,Gasoline · Natural gas · Diesel
HOLDEN,0,67,Commodore Wagon,wagons,1997 - 2017,Gasoline · Natural gas
HOLDEN,0,67,Crewman,trucks,2003 - 2007,Gasoline
HOLDEN,0,67,Cruze Mk I,suvs,2002 - 2005,Gasoline
HOLDEN,0,67,Cruze Mk II,sedans,2008 - 2016,Gasoline · Diesel
HOLDEN,0,67,Drover,suvs,1985 - 1987,Gasoline
HOLDEN,0,67,Drover Deluxe,suvs,1985 - 1987,Gasoline
HOLDEN,0,67,EJ Wagon,wagons,1962 - 1963,Gasoline
HOLDEN,0,67,Epica,sedans,2007 - 2011,Diesel · Gasoline
HOLDEN,0,67,FE,sedans,1956 - 1958,Gasoline
HOLDEN,0,67,FJ,sedans,1953 - 1956,Gasoline
HOLDEN,0,67,Frontera MX,suvs,1997 - 2003,Gasoline · Diesel
HOLDEN,0,67,HJ,sedans,1974 - 1976,Gasoline
HOLDEN,0,67,HZ,sedans,1977 - 1980,Gasoline
HOLDEN,0,67,Jackaroo,suvs,1998 - 2002,Gasoline · Diesel
HOLDEN,0,67,Malibu,sedans,2013 - 2016,Diesel · Gasoline
HOLDEN,0,67,Monaro,coupes,2001 - 2006,Gasoline
HOLDEN,0,67,Rodeo,suvs,1996 - 2008,Gasoline · Diesel
HOLDEN,0,67,Statesman,sedans,1999 - 2010,Gasoline
HOLDEN,0,67,Tigra,convertibles,2005 - 2009,Gasoline
HOLDEN,0,67,Trax,suvs,2013 - 2020,Gasoline · Diesel
HOLDEN,0,67,Ute,trucks,2003 - 2017,Gasoline · Natural gas
HOLDEN,0,67,Vectra Liftback,hatchbacks,1995 - 2005,Gasoline · Diesel
HOLDEN,0,67,Vectra Sedan,sedans,1995 - 2005,Gasoline · Diesel
HOLDEN,0,67,Zafira,vans,1999 - 2005,Gasoline · Diesel
HONDA,23,179,Odyssey,vans,2005 - present,Gasoline
HONDA,23,179,Passport,suvs,2018 - present,Gasoline
HONDA,23,179,HR-V 5 Doors,suvs,1999 - present,Gasoline · Diesel · Hybrid gasoline
HONDA,23,179,Pilot,suvs,2009 - present,Gasoline
HONDA,23,179,Accord,sedans,1981 - present,Gasoline · Diesel · Mild hybrid · Hybrid · Hybrid gasoline
HONDA,23,179,CR-V,suvs,1996 - present,Gasoline · Diesel · Hybrid · Hybrid gasoline · Plug-in hybrid
HONDA,23,179,Civic Sedan,sedans,1987 - present,Gasoline · Hybrid · Natural gas
HONDA,23,179,Civic 5 Doors,hatchbacks,1995 - present,Gasoline · Diesel
HONDA,23,179,Civic Type-R,hatchbacks,2001 - present,Gasoline
HONDA,23,179,Jazz / Fit,hatchbacks,2002 - present,Gasoline · Diesel · Hybrid
HONDA,23,179,Ridgeline,trucks,2005 - present,Gasoline
HONDA,23,179,Civic Coupe,coupes,1994 - present,Gasoline
HONDA,23,179,Insight,hatchbacks,1999 - present,Hybrid · Gasoline · Hybrid gasoline
HONDA,23,179,Legend Sedan,sedans,1987 - present,Gasoline · Hybrid
HONDA,23,179,Prologue,suvs,2023 - present,Electric
HONDA,23,179,S660,convertibles,2015 - present,Gasoline
HONDA,23,179,Civic Si Sedan US,sedans,2024 - present,Gasoline
HONDA,23,179,e:Ny1,suvs,2023 - present,Electric
HONDA,23,179,e,hatchbacks,2020 - present,Electric
HONDA,23,179,ZR-V,suvs,2023 - present,Gasoline · Hybrid gasoline
HUMMER,0,8,H1 2 Door Hardtop,SUV,1992 - 2006,Diesel
HUMMER,0,8,H1 4 Door Hardtop,SUV,1992 - 2006,Diesel
HUMMER,0,8,H1 4 Door Opentop,SUV,1992 - 2006,Diesel
HUMMER,0,8,H1 4 Door Wagon,SUV,1992 - 2006,Diesel
HUMMER,0,8,H2,SUV,2002 - 2009,Gasoline
HUMMER,0,8,H2 SUT,SUV,2004 - 2009,Gasoline
HUMMER,0,8,H3,SUV,2005 - 2010,Gasoline
HUMMER,0,8,H3 Alpha,SUV,2007 - 2010,Gasoline
HYUNDAI,36,145,NEXO,suvs,2018 - present,Hydrogen fuel cell
HYUNDAI,36,145,Palisade,suvs,2019 - present,Diesel · Gasoline
HYUNDAI,36,145,Bayon,suvs,2021 - present,Mild hybrid · Gasoline
HYUNDAI,36,145,Santa Cruz,trucks,2021 - present,Gasoline
HYUNDAI,36,145,i30 Estate,wagons,2008 - present,Gasoline · Diesel · Mild hybrid
HYUNDAI,36,145,i30 Fastback,sedans,2017 - present,Gasoline · Diesel · Mild hybrid
HYUNDAI,36,145,i30,hatchbacks,2007 - present,Gasoline · Diesel · Mild hybrid
HYUNDAI,36,145,Santa Fe,suvs,2000 - present,Gasoline · Diesel · Hybrid gasoline
HYUNDAI,36,145,i10,hatchbacks,2008 - present,Gasoline · Diesel · Natural gas
HYUNDAI,36,145,ix35 / Tucson,suvs,2004 - present,Gasoline · Diesel · Ethanol · Hybrid · Hybrid gasoline
HYUNDAI,36,145,i20,hatchbacks,2009 - present,Diesel · Gasoline · Hybrid · Hybrid gasoline
HYUNDAI,36,145,Elantra Sedan,sedans,2000 - present,Gasoline · Diesel · Hybrid
HYUNDAI,36,145,Elantra N,sedans,2020 - present,Gasoline
HYUNDAI,36,145,Sonata,sedans,1989 - present,Gasoline · Diesel · Hybrid
HYUNDAI,36,145,Kona Electric,suvs,2018 - present,Electric
HYUNDAI,36,145,Ioniq,hatchbacks,2016 - present,Hybrid gasoline · Electric · Hybrid
HYUNDAI,36,145,Kona,suvs,2017 - present,Gasoline · Diesel · Hybrid
HYUNDAI,36,145,i30 N,hatchbacks,2017 - present,Gasoline
HYUNDAI,36,145,i20 Active,hatchbacks,2015 - present,Gasoline · Diesel
HYUNDAI,36,145,i40 wagon,wagons,2012 - present,Gasoline · Diesel
HYUNDAI,36,145,Veloster,coupes,2011 - present,Gasoline
HYUNDAI,36,145,Accent Sedan,sedans,1999 - present,Gasoline · Diesel
HYUNDAI,36,145,Elantra GT,hatchbacks,2012 - present,Gasoline
HYUNDAI,36,145,Grandeur / Azera,sedans,2005 - present,Diesel · Gasoline · Hybrid
HYUNDAI,36,145,Mistra,sedans,2014 - present,Gasoline
HYUNDAI,36,145,Ioniq 5,hatchbacks,2023 - present,Electric
HYUNDAI,36,145,i20 N,hatchbacks,2020 - present,Gasoline
HYUNDAI,36,145,Ioniq 6,sedans,2022 - present,Electric
HYUNDAI,36,145,Ioniq 9,suvs,2024 - present,Electric
HYUNDAI,36,145,Staria,vans,2021 - present,
HYUNDAI,36,145,i30 Coupe,coupes,2012 - present,Gasoline · Diesel
HYUNDAI,36,145,Venue,suvs,2019 - present,Gasoline · Diesel
INEOS,1,0,Grenadier,wagons,2022 - present,Diesel · Gasoline
INFINITI,10,50,QX80,SUV,2014 - present,Gasoline
INFINITI,10,50,QX60,SUV,2013 - present,Hybrid · Gasoline
INFINITI,10,50,QX50,SUV,2013 - present,Gasoline
INFINITI,10,50,Q70,SUV,2013 - present,Gasoline
INFINITI,10,50,Q50,Sedan,2013 - present,Diesel · Hybrid · Gasoline
INFINITI,10,50,Q60,Coupe,2013 - present,Gasoline
INFINITI,10,50,QX30,Hatchback,2015 - present,Diesel · Gasoline
INFINITI,10,50,QX70,SUV,2013 - present,Gasoline
INFINITI,10,50,QX55,SUV,2021 - present,Gasoline
ISUZU,0,17,117 Coupe,coupes,1968 - 1981,Gasoline · Diesel
ISUZU,0,17,Amigo 3 Doors,hatchbacks,1997 - 2003,Gasoline
ISUZU,0,17,Amigo Cabrio,convertibles,1998 - 2003,Gasoline
ISUZU,0,17,Ascender,suvs,2001 - 2008,Gasoline
ISUZU,0,17,Axiom,suvs,2001 - 2004,Gasoline
ISUZU,0,17,Hombre Crew Cab,trucks,1995 - 2000,Gasoline
ISUZU,0,17,i-Series,trucks,2005 - 2009,Gasoline
ISUZU,0,17,MU-7,suvs,2004 - 2013,Diesel
ISUZU,0,17,Rodeo / D-Max,trucks,2002 - 2019,Diesel · Gasoline
ISUZU,0,17,Trooper 3 Doors,suvs,1998 - 2002,Diesel · Gasoline
ISUZU,0,17,Trooper 5 Doors,suvs,1998 - 2002,Gasoline · Diesel
JAGUAR,14,57,F-Pace SVR,SUV,2018 - present,Gasoline
JAGUAR,14,57,F-Type Coupe,Coupe,2014 - present,Gasoline
JAGUAR,14,57,F-Pace,SUV,2015 - present,Diesel · Gasoline · Mild hybrid diesel · Hybrid · Mild hybrid
JAGUAR,14,57,F-Type Convertible,Convertible,2013 - present,Gasoline
JAGUAR,14,57,F-Type SVR Coupe,Coupe,2016 - present,Gasoline
JAGUAR,14,57,XF Sportbrake,Wagon,2012 - present,Diesel · Gasoline · Mild hybrid diesel
JAGUAR,14,57,XE,Sedan,2015 - present,Diesel · Gasoline
JAGUAR,14,57,XJR,Sedan,1990 - present,Gasoline
JAGUAR,14,57,XF,Sedan,2008 - present,Diesel · Gasoline · Mild hybrid diesel
JAGUAR,14,57,E-Pace,SUV,2017 - present,Diesel · Gasoline
JAGUAR,14,57,I-Pace,SUV,2018 - present,Electric
JAGUAR,14,57,XE SV,Sedan,2017 - present,Gasoline
JEEP,15,36,Gladiator,trucks,2020 - present,Diesel · Gasoline
JEEP,15,36,Wrangler,suvs,1986 - present,Gasoline · Diesel · Hybrid gasoline · Plug-in hybrid
JEEP,15,36,Renegade,suvs,2014 - 2022,Gasoline · Diesel · Hybrid gasoline
JEEP,15,36,Compass,suvs,2006 - present,Diesel · Gasoline · Hybrid gasoline
JEEP,15,36,Grand Cherokee,suvs,1992 - present,Diesel · Gasoline · Hybrid gasoline
JEEP,15,36,Wrangler Unlimited,suvs,2004 - present,Gasoline · Diesel
JEEP,15,36,Wagoneer,suvs,1962 - present,Gasoline · Mild hybrid · Electric
JEEP,15,36,Wrangler Rubicon,suvs,2023 - present,Plug-in hybrid
JEEP,15,36,Avenger,suvs,2022 - present,Electric
Karma,2,0,Revero GT,coupes,2019 - present,Hybrid
Karma,2,0,Revero GTS,coupes,2019 - present,Electric
KIA,47,83,Carnival / Sedona,vans,2002 - present,Gasoline · Diesel
KIA,47,83,K5,sedans,2019 - present,Gasoline
KIA,47,83,Picanto,hatchbacks,2004 - present,Gasoline · Diesel
KIA,47,83,XCeed,hatchbacks,2019 - present,Gasoline · Diesel
KIA,47,83,Seltos,suvs,2019 - present,Diesel · Gasoline
KIA,47,83,Telluride,suvs,2019 - present,Gasoline · Diesel
KIA,47,83,Soul,suvs,2019 - present,Gasoline
KIA,47,83,Stinger,hatchbacks,2008 - present,Diesel · Gasoline · Electric
KIA,47,83,Ceed,sedans,2017 - present,Gasoline · Diesel
KIA,47,83,Sportage,hatchbacks,2018 - present,Gasoline · Mild hybrid diesel
KIA,47,83,Forte,suvs,2004 - present,Gasoline · Diesel · Hybrid gasoline
KIA,47,83,Sorento,sedans,2009 - present,Gasoline
KIA,47,83,Optima / Magentis,suvs,2002 - present,Gasoline · Diesel · Hybrid · Plug-in hybrid
KIA,47,83,Niro,sedans,2001 - present,Gasoline · Diesel · Hybrid gasoline
KIA,47,83,Rio Hatchback,suvs,2016 - present,Hybrid gasoline · Hybrid · Electric · Gasoline
KIA,47,83,Pro cee'd,hatchbacks,2005 - present,Gasoline · Diesel · Mild hybrid
KIA,47,83,K9,hatchbacks,2007 - present,Gasoline · Diesel
KIA,47,83,Optima Sportswagon,sedans,2012 - present,Gasoline
KIA,47,83,Forte 5 Door,wagons,2016 - present,Diesel · Gasoline · Hybrid gasoline
KIA,47,83,K7 / Cadenza,hatchbacks,2010 - present,Gasoline
KIA,47,83,Rondo,sedans,2013 - present,Gasoline
KIA,47,83,cee'd SW,vans,2008 - present,Gasoline · Diesel
KIA,47,83,cee'd,wagons,2007 - present,Gasoline · Diesel
KIA,47,83,EV4 Hatchback,hatchbacks,2007 - present,Gasoline · Diesel · Hybrid
KIA,47,83,Stonic,hatchbacks,2025 - present,Electric
KIA,47,83,Syros,suvs,2017 - present,Gasoline · Diesel
KIA,47,83,Picanto X-Line,suvs,2024 - present,Gasoline
KIA,47,83,EV9,hatchbacks,2017 - present,Gasoline
KIA,47,83,EV6,suvs,2023 - present,Electric
KIA,47,83,EV3,suvs,2021 - present,Electric
KIA,47,83,EV4,suvs,2024 - present,Electric
KIA,47,83,Borrego / Mohave,sedans,2025 - present,Electric
KIA,47,83,Cerato/Forte,suvs,2009 - present,Diesel · Gasoline
KIA,47,83,EV5,sedans,2013 - present,Gasoline
KIA,47,83,Stonic GT-Line,suvs,2023 - present,Electric
KIA,47,83,pro_cee’d GT,suvs,2020 - present,Gasoline
KIA,47,83,Tasman,hatchbacks,2013 - present,Gasoline
KIA,47,83,K4 Hatchback,trucks,2024 - present,Gasoline
KIA,47,83,K4,hatchbacks,2025 - present,Gasoline
KIA,47,83,Carens,vans,2000 - 2018,Gasoline · Natural gas · Diesel
KIA,47,83,Cerato / Spectra,sedans,2004 - 2009,Diesel · Gasoline
KIA,47,83,Forte Koup,coupes,2009 - 2016,Gasoline
KIA,47,83,Joice,hatchbacks,1999 - 2003,Gasoline
KIA,47,83,Opirus / Amanti,sedans,2003 - 2010,Gasoline
KIA,47,83,Rio Sedan,sedans,2005 - 2016,Gasoline · Diesel
KIA,47,83,Shuma,sedans,1998 - 2004,Gasoline
KIA,47,83,Venga,hatchbacks,2009 - 2019,Gasoline · Diesel
KOENIGSEGG,3,9,Gemera,coupes,2020 - present,Ethanol
KOENIGSEGG,3,9,Jesko,coupes,2019 - present,Gasoline
KOENIGSEGG,3,9,Regera,coupes,2015 - present,Hybrid
KOENIGSEGG,3,9,Agera,coupes,2010 - 2016,Gasoline
KOENIGSEGG,3,9,CC8S,coupes,2002 - 2005,Gasoline
KOENIGSEGG,3,9,CCR,convertibles,2004 - 2006,Gasoline
KOENIGSEGG,3,9,CCX,coupes,2006 - 2010,Gasoline
KOENIGSEGG,3,9,CCXR,coupes,2007 - 2010,Gasoline
KOENIGSEGG,3,9,One:1,coupes,2014 - 2015,Gasoline
KTM,4,0,X-Bow,Convertible,2008 - present,Gasoline
LADA,0,12,110,sedans,1998 - 2008,Gasoline
LADA,0,12,111,wagons,1998 - 2008,Gasoline
LADA,0,12,112,hatchbacks,1999 - 2008,Gasoline
LADA,0,12,Kalina Hatchback,hatchbacks,2007 - 2013,Diesel · Gasoline
LADA,0,12,Kalina Sedan,sedans,2006 - 2012,Gasoline
LADA,0,12,Niva,suvs,1976 - 2021,Gasoline · Diesel
LADA,0,12,Nova,sedans,1981 - 1994,Gasoline
LADA,0,12,Nova Combi,wagons,1985 - 1998,Gasoline
LADA,0,12,Priora,hatchbacks,2008 - 2018,Gasoline
LADA,0,12,Samara 3 Doors,hatchbacks,1986 - 1999,Gasoline
LADA,0,12,Samara 5 Doors,hatchbacks,1984 - 0,Gasoline
LADA,0,12,Samara Sedan,sedans,1984 - 2004,Gasoline
LAMBORGHINI,19,60,Lamborghini Huracan,coupes,2014 - present,Gasoline
LAMBORGHINI,19,60,Lamborghini Huracan Spyder,convertibles,2015 - present,Gasoline
LAMBORGHINI,19,60,Lamborghini Aventador,coupes,2011 - present,Gasoline
LAMBORGHINI,19,60,Lamborghini Aventador Roadster,convertibles,2012 - present,Gasoline
LAMBORGHINI,19,60,Lamborghini Sian Roadster,convertibles,2020 - present,Hybrid gasoline
LAMBORGHINI,19,60,Lamborghini Urus,suvs,2018 - present,Gasoline · Plug-in hybrid
LAMBORGHINI,19,60,Lamborghini Sian,coupes,2019 - present,Hybrid gasoline
LAMBORGHINI,19,60,Lamborghini Temerario,coupes,2024 - present,Plug-in hybrid
LAMBORGHINI,19,60,Lamborghini Revuelto,coupes,2023 - present,Plug-in hybrid
LAMBORGHINI,19,60,Lamborghini Veneno Roadster,convertibles,2014 - present,Gasoline
LANCIA,2,61,Ypsilon,hatchbacks,2003 - present,Gasoline · Diesel · Natural gas · Mild hybrid · Liquefied petroleum gas (lpg) · Electric
LANCIA,2,61,2000 Coupe,coupes,1971 - 1974,Gasoline
LANCIA,2,61,A112,hatchbacks,1982 - 1986,Gasoline
LANCIA,2,61,A112 Abarth,hatchbacks,1984 - 1986,Gasoline
LANCIA,2,61,Alpha,sedans,1907 - 1909,Gasoline
LANCIA,2,61,Aprilia,sedans,1937 - 1939,Gasoline
LANCIA,2,61,Ardea,sedans,1939 - 1953,Gasoline
LANCIA,2,61,Artena,sedans,1934 - 1936,Gasoline
LANCIA,2,61,Astura,sedans,1931 - 1937,Gasoline
LANCIA,2,61,Augusta,sedans,1933 - 1937,Gasoline
LANCIA,2,61,Beta,hatchbacks,1909 - 1982,Gasoline
LANCIA,2,61,Beta Coupe,coupes,1973 - 1984,Gasoline
LANCIA,2,61,Beta Montecarlo,coupes,1974 - 1979,Gasoline
LANCIA,2,61,Beta Spider,convertibles,1973 - 1982,Gasoline
LANCIA,2,61,Dedra,sedans,1990 - 1999,Gasoline · Diesel
LANCIA,2,61,Dedra Station Wagon,wagons,1994 - 1998,Gasoline · Diesel
LANCIA,2,61,Delta,hatchbacks,1979 - 2014,Gasoline · Diesel · Natural gas
LANCIA,2,61,Delta HPE,hatchbacks,1995 - 1998,Gasoline · Diesel
LANCIA,2,61,Dilambda,sedans,1928 - 1933,Gasoline
LANCIA,2,61,Flaminia Coupe,coupes,1958 - 1967,Gasoline
LANCIA,2,61,Flaminia Sedan,sedans,1963 - 1970,Gasoline
LANCIA,2,61,Flavia Convertible,convertibles,1960 - 2015,Gasoline
LANCIA,2,61,Flavia Sedan,sedans,1960 - 1970,Gasoline
LANCIA,2,61,Fulvia Berlina,sedans,1963 - 1972,Gasoline
LANCIA,2,61,Fulvia Coupe,coupes,1965 - 1969,Gasoline
LANCIA,2,61,Gamma,sedans,1910 - 1980,Gasoline
LANCIA,2,61,Gamma Coupe,coupes,1976 - 1980,Gasoline
LANCIA,2,61,Kappa,sedans,1995 - 2000,Gasoline · Diesel
LANCIA,2,61,Kappa Coupe,coupes,1997 - 2000,Gasoline
LANCIA,2,61,Kappa SW,wagons,1996 - 2000,Gasoline · Diesel
LANCIA,2,61,Lambda,sedans,1922 - 1931,Gasoline
LANCIA,2,61,Lybra,sedans,1999 - 2005,Gasoline · Diesel
LANCIA,2,61,Lybra SW,wagons,1999 - 2005,Gasoline · Diesel
LANCIA,2,61,Musa,vans,2003 - 2012,Diesel · Gasoline · Natural gas
LANCIA,2,61,Phedra,vans,2002 - 2010,Gasoline · Diesel
LANCIA,2,61,Prisma,sedans,1983 - 1990,Gasoline · Diesel
LANCIA,2,61,Stratos,coupes,1973 - 1975,Gasoline
LANCIA,2,61,Thema,sedans,1984 - 2014,Gasoline · Diesel
LANCIA,2,61,Thesis,sedans,2001 - 2009,Gasoline · Diesel
LANCIA,2,61,Theta,sedans,1913 - 1919,Gasoline
LANCIA,2,61,Trevi,sedans,1981 - 1985,Gasoline
LANCIA,2,61,Voyager,vans,2011 - 2015,Diesel · Gasoline
LANCIA,2,61,Zeta,vans,1994 - 2001,Gasoline · Diesel
LAND ROVER,22,40,Range Rover Velar,SUV,2017 - present,Diesel · Mild hybrid diesel · Gasoline · Mild hybrid
LAND ROVER,22,40,Range Rover Sport,SUV,2005 - present,Diesel · Gasoline · Hybrid · Mild hybrid diesel · Hybrid gasoline · Mild hybrid · Plug-in hybrid
LAND ROVER,22,40,Range Rover,SUV,1988 - present,Diesel · Gasoline · Hybrid diesel · Mild hybrid diesel · Mild hybrid
LAND ROVER,22,40,Discovery Sport,SUV,2014 - present,Gasoline · Diesel
LAND ROVER,22,40,Defender 90,SUV,1991 - present,Diesel · Gasoline
LAND ROVER,22,40,Range Rover Evoque,SUV,2011 - present,Gasoline · Diesel · Mild hybrid · Mild hybrid diesel
LAND ROVER,22,40,Range Rover Sport SVR,SUV,2015 - present,Gasoline
LAND ROVER,22,40,Range Rover PHEV,SUV,2013 - present,Hybrid · Hybrid diesel
LAND ROVER,22,40,Defender 110,SUV,1991 - present,Diesel · Gasoline · Hybrid gasoline · Mild hybrid diesel
LAND ROVER,22,40,Discovery,SUV,1990 - present,Diesel · Gasoline
LAND ROVER,22,40,Range Rover L,SUV,2014 - present,Diesel · Gasoline
LAND ROVER,22,40,Discovery SVX,SUV,2018 - present,Gasoline
LAND ROVER,22,40,Defender Octa,SUV,2024 - present,Mild hybrid
LAND ROVER,22,40,Range Rover Sport PHEV,SUV,2017 - present,Plug-in hybrid
LAND ROVER,22,40,Range Rover Evoque Convertible,Convertible,2016 - present,Gasoline · Diesel
LAND ROVER,22,40,Defender 130,SUV,2022 - present,Mild hybrid diesel · Mild hybrid
LEXUS,19,56,RZ,suvs,2022 - present,Electric
LEXUS,19,56,ES,sedans,2002 - present,Gasoline · Hybrid · Hybrid gasoline
LEXUS,19,56,GX,suvs,2003 - present,Gasoline
LEXUS,19,56,UX,suvs,2018 - present,Gasoline · Hybrid · Electric
LEXUS,19,56,RX,suvs,1998 - present,Gasoline · Hybrid · Hybrid gasoline
LEXUS,19,56,NX,suvs,2014 - present,Gasoline · Hybrid · Hybrid gasoline
LEXUS,19,56,LX,suvs,1996 - present,Gasoline · Diesel
LEXUS,19,56,IS,sedans,1998 - present,Diesel · Gasoline · Hybrid gasoline · Hybrid
LEXUS,19,56,LS,sedans,1989 - present,Gasoline · Hybrid gasoline · Hybrid
LEXUS,19,56,RC,coupes,2014 - present,Gasoline · Hybrid
LEXUS,19,56,CT,hatchbacks,2011 - present,Hybrid gasoline · Gasoline · Hybrid
LEXUS,19,56,TX,suvs,2023 - present,Gasoline · Hybrid gasoline · Plug-in hybrid
LEXUS,19,56,RC F,coupes,2014 - present,Gasoline
LEXUS,19,56,LC,coupes,2016 - present,Gasoline · Hybrid gasoline
LEXUS,19,56,LM,vans,2023 - present,Hybrid gasoline
LEXUS,19,56,LBX,suvs,2023 - present,Hybrid gasoline
LIGHTYEAR,2,0,Lightyear 0,Sedan,2022 - present,Electric
LIGHTYEAR,2,0,Lightyear 2,Sedan,2023 - present,Electric
LINCOLN,7,39,Nautilus,SUV,2017 - present,Gasoline · Hybrid gasoline
LINCOLN,7,39,Corsair,SUV,2019 - present,Gasoline · Hybrid · Plug-in hybrid
LINCOLN,7,39,Navigator,SUV,1998 - present,Gasoline
LINCOLN,7,39,Navigator L,SUV,2006 - present,Gasoline
LINCOLN,7,39,Zephyr,Sedan,2005 - present,Gasoline
LINCOLN,7,39,Aviator,SUV,2002 - present,Gasoline · Hybrid gasoline
LOTUS,8,25,Elise,coupes,2021 - 2024,Gasoline
LOTUS,8,25,Exige,convertibles,1997 - present,Gasoline
LOTUS,8,25,Evora,coupes,2000 - present,Gasoline
LOTUS,8,25,Eletre,coupes,2008 - present,Gasoline
LOTUS,8,25,Evija,suvs,2022 - present,Electric
LOTUS,8,25,3 Eleven,coupes,2020 - present,Electric
LOTUS,8,25,Emeya,convertibles,2018 - present,Gasoline
LOTUS,8,25,Emira,coupes,2023 - present,Gasoline
Lucid Motors,2,0,Air,Sedan,2021 - present,Electric
Lucid Motors,2,0,Gravity,SUV,2023 - present,Electric
Mahindra,4,0,Thar,SUV,2010 - present,Diesel
Mahindra,4,0,Bolero,SUV,2011 - present,Diesel
Mahindra,4,0,Scorpio / GOA,SUV,2002 - present,Gasoline
Mahindra,4,0,Verito,Sedan,2012 - present,Gasoline · Diesel
MARUSSIA,2,0,B1,coupes,2010 - present,Gasoline
MARUSSIA,2,0,B2,coupes,2010 - present,Gasoline
MARUTI SUZUKI,1,8,Wagon R,hatchbacks,2005 - present,Gasoline
MARUTI SUZUKI,1,8,800,hatchbacks,2000 - 2014,Gasoline
MARUTI SUZUKI,1,8,Alto,hatchbacks,2000 - 2014,Gasoline
MARUTI SUZUKI,1,8,Baleno,sedans,2000 - 2007,Gasoline
MARUTI SUZUKI,1,8,Ciaz,sedans,2014 - 2017,Diesel · Gasoline
MARUTI SUZUKI,1,8,Esteem,sedans,1995 - 2000,Gasoline
MARUTI SUZUKI,1,8,Gipsy,suvs,1985 - 2019,Gasoline
MARUTI SUZUKI,1,8,Swift,hatchbacks,2006 - 2010,Gasoline · Diesel
MARUTI SUZUKI,1,8,Zen,hatchbacks,2006 - 2009,Gasoline
MASERATI,18,28,Ghibli,coupes,1967 - present,Gasoline · Diesel · Mild hybrid
MASERATI,18,28,GranCabrio,convertibles,2010 - present,Gasoline · Electric
MASERATI,18,28,Levante,suvs,2016 - present,Hybrid gasoline · Diesel · Gasoline
MASERATI,18,28,GranTurismo,coupes,2007 - present,Gasoline · Electric
MASERATI,18,28,Quattroporte,sedans,1963 - present,Gasoline · Diesel
MASERATI,18,28,GT2 Stradale,coupes,2024 - present,Gasoline
MASERATI,18,28,Grecale,suvs,2022 - present,Electric · Mild hybrid
MASERATI,18,28,MC20,coupes,2020 - present,Gasoline
MASERATI,18,28,Grecale Trofeo,suvs,2022 - present,Gasoline
MAYBACH,0,36,57,sedans,2002 - 2012,Gasoline
MAYBACH,0,36,62,sedans,2002 - 2012,Gasoline
MAYBACH,0,36,Landaulet,convertibles,2008 - 2012,Gasoline
MAYBACH,0,36,Typ 12,sedans,1929 - 1931,Gasoline
MAYBACH,0,36,"Typ SW 35, SW 38 and SW 42",sedans,1935 - 1954,Gasoline
MAYBACH,0,36,"Typ W1, W2, W3, W5 and W5 SG",sedans,1919 - 1929,Gasoline
MAYBACH,0,36,"Typ W6, W6 DSG and DSH",sedans,1931 - 1937,Gasoline
MAYBACH,0,36,Typ Zeppelin,sedans,1930 - 1939,Gasoline
MAZDA,26,79,2 / Demio,hatchbacks,2002 - present,Gasoline · Diesel · Mild hybrid · Hybrid gasoline
MAZDA,26,79,3 / Axela Hatchback,hatchbacks,2004 - present,Gasoline · Diesel
MAZDA,26,79,CX-3,suvs,2015 - present,Diesel · Gasoline
MAZDA,26,79,3 / Axela Sedan,sedans,2004 - present,Gasoline · Diesel
MAZDA,26,79,6 / Atenza Sedan,sedans,2002 - present,Gasoline · Diesel
MAZDA,26,79,CX-5,suvs,2012 - present,Gasoline · Diesel
MAZDA,26,79,CX-9,suvs,2007 - present,Gasoline
MAZDA,26,79,MX-5 / Miata,convertibles,1989 - present,Gasoline
MAZDA,26,79,6 / Atenza Wagon,wagons,2002 - present,Gasoline · Diesel
MAZDA,26,79,5 / Premacy,vans,2005 - present,Gasoline · Diesel
MAZDA,26,79,CX-30,suvs,2019 - present,Diesel · Gasoline
MAZDA,26,79,CX-8,suvs,2017 - present,Diesel · Gasoline
MAZDA,26,79,Flair,vans,2012 - present,Gasoline
MAZDA,26,79,6e,sedans,2025 - present,Electric
MAZDA,26,79,Biante,vans,2008 - present,Gasoline
MAZDA,26,79,CX-80,suvs,2024 - present,Plug-in hybrid · Mild hybrid diesel
MAZDA,26,79,CX-50,suvs,2021 - present,Gasoline
MAZDA,26,79,CX-90,suvs,2023 - present,Plug-in hybrid · Mild hybrid
MAZDA,26,79,CX-60,suvs,2022 - present,Hybrid gasoline
MAZDA,26,79,MX-30,suvs,2019 - present,Electric · Plug-in hybrid
MAZDA,26,79,CX-70,suvs,2024 - present,Plug-in hybrid · Mild hybrid
MCLAREN,15,14,GT,coupes,2019 - 2023,Gasoline
MCLAREN,15,14,Senna,coupes,2018 - present,Gasoline
MCLAREN,15,14,570S Spider,convertibles,2017 - present,Gasoline
MCLAREN,15,14,Artura,coupes,2021 - present,Hybrid gasoline · Plug-in hybrid
MCLAREN,15,14,600LT,coupes,2018 - present,Gasoline
MCLAREN,15,14,620R,coupes,2019 - present,Gasoline
MCLAREN,15,14,540C,coupes,2015 - present,Gasoline
MCLAREN,15,14,720S,coupes,2017 - present,Gasoline
MCLAREN,15,14,Elva,coupes,2020 - present,Gasoline
MCLAREN,15,14,750S,coupes,2023 - present,Gasoline
MCLAREN,15,14,GTS,coupes,2023 - present,Gasoline
MCLAREN,15,14,765LT,coupes,2020 - present,Gasoline
MCLAREN,15,14,Speedtail,coupes,2018 - present,Hybrid
MERCEDES BENZ,58,417,EQS,sedans,2021 - present,Electric
MERCEDES BENZ,58,417,G-Klasse,suvs,1979 - present,Gasoline · Diesel · Mild hybrid diesel · Mild hybrid · Electric
MERCEDES BENZ,58,417,EQB,suvs,2021 - 2023,Electric
MERCEDES BENZ,58,417,GLE-Class,suvs,2015 - present,Diesel · Gasoline · Hybrid · Hybrid diesel · Hybrid gasoline · Mild hybrid diesel · Plug-in hybrid · Mild hybrid
MERCEDES BENZ,58,417,CLA Klasse,sedans,2013 - present,Gasoline · Diesel · Plug-in hybrid · Mild hybrid · Electric
MERCEDES BENZ,58,417,GLC Class Coupe,suvs,2016 - present,Diesel · Gasoline · Hybrid · Mild hybrid · Mild hybrid diesel · Plug-in hybrid
MERCEDES BENZ,58,417,GLA,suvs,2013 - present,Diesel · Gasoline · Mild hybrid · Plug-in hybrid
MERCEDES BENZ,58,417,GLE-Class Coupe,suvs,2015 - present,Diesel · Gasoline · Mild hybrid diesel · Plug-in hybrid · Mild hybrid
MERCEDES BENZ,58,417,EQA,suvs,2021 - present,Electric
MERCEDES BENZ,58,417,E-Class T-Modell All-Terrain,wagons,2017 - present,Gasoline · Diesel · Mild hybrid · Mild hybrid diesel
MERCEDES BENZ,58,417,GLS-Class,suvs,2016 - present,Diesel · Gasoline
MERCEDES BENZ,58,417,CLA Shooting Brake,wagons,2015 - present,Gasoline · Diesel · Plug-in hybrid · Mild hybrid
MERCEDES BENZ,58,417,GLB,suvs,2019 - present,Gasoline · Diesel · Mild hybrid
MERCEDES BENZ,58,417,E-Klasse and predecessors,sedans,1946 - present,Diesel · Gasoline · Natural gas · Hybrid diesel · Hybrid · Mild hybrid · Hybrid gasoline · Mild hybrid diesel · Plug-in hybrid
MERCEDES BENZ,58,417,GLS Maybach,suvs,2020 - present,Gasoline
MERCEDES BENZ,58,417,GLC Class,suvs,2015 - present,Diesel · Gasoline · Hybrid · Mild hybrid · Mild hybrid diesel · Plug-in hybrid
MERCEDES BENZ,58,417,B-Klasse,vans,2005 - present,Gasoline · Diesel · Natural gas · Electric · Plug-in hybrid
MERCEDES BENZ,58,417,A-Klasse,hatchbacks,1997 - present,Gasoline · Diesel · Plug-in hybrid
MERCEDES BENZ,58,417,C-Klasse T-Modell,wagons,1996 - present,Gasoline · Diesel · Hybrid · Mild hybrid · Mild hybrid diesel
MERCEDES BENZ,58,417,CLS-Klasse,coupes,2004 - present,Diesel · Gasoline · Mild hybrid diesel · Mild hybrid
MERCEDES BENZ,58,417,C-Klasse and predecessors,sedans,1982 - present,Gasoline · Diesel · Hybrid gasoline · Plug-in hybrid · Mild hybrid · Mild hybrid diesel
MERCEDES BENZ,58,417,E-Klasse Cabriolet and predecessors,convertibles,1992 - present,Gasoline · Diesel · Mild hybrid
MERCEDES BENZ,58,417,S-Class Maybach,sedans,2015 - present,Gasoline · Mild hybrid · Plug-in hybrid
MERCEDES BENZ,58,417,S-Klasse and predecessors,sedans,1951 - present,Diesel · Gasoline · Hybrid · Hybrid gasoline
MERCEDES BENZ,58,417,V-Class and predecessors,vans,1996 - present,Diesel · Gasoline
MERCEDES BENZ,58,417,Pullman,sedans,1930 - present,Gasoline
MERCEDES BENZ,58,417,S-Class Cabriolet,convertibles,1952 - present,Gasoline
MERCEDES BENZ,58,417,CLS Shooting Brake,wagons,2012 - present,Diesel · Gasoline
MERCEDES BENZ,58,417,SL-Klasse,convertibles,1954 - present,Gasoline
MERCEDES BENZ,58,417,SL AMG,convertibles,1999 - present,Gasoline
MERCEDES BENZ,58,417,E-Klasse Coupe and predecessors,coupes,1969 - present,Gasoline · Diesel
MERCEDES BENZ,58,417,CLS AMG,coupes,2004 - present,Gasoline
MERCEDES BENZ,58,417,C-Klasse Coupe,coupes,2011 - present,Gasoline · Diesel
MERCEDES BENZ,58,417,EQV,vans,2019 - present,Electric
MERCEDES BENZ,58,417,C-Class Cabriolet,convertibles,2016 - present,Gasoline · Diesel
MERCEDES BENZ,58,417,EQT,vans,2023 - present,Electric
MERCEDES BENZ,58,417,EQS SUV,suvs,2022 - present,Electric
MERCEDES BENZ,58,417,Maybach EQS SUV,suvs,2023 - present,Electric
MERCEDES BENZ,58,417,SLC-Class,convertibles,2016 - present,Gasoline · Diesel
MERCEDES BENZ,58,417,A-Class Sedan,sedans,2018 - present,Gasoline · Diesel
MERCEDES BENZ,58,417,CLE Coupe,coupes,2023 - present,Mild hybrid · Mild hybrid diesel
MERCEDES BENZ,58,417,EQS SUV Maybach,suvs,2023 - present,Electric
MERCEDES BENZ,58,417,CLE Cabriolet,convertibles,2023 - present,Mild hybrid · Mild hybrid diesel
MERCEDES BENZ,58,417,C-Klasse All-Terrain,wagons,2021 - present,Gasoline · Diesel
MERCEDES BENZ,58,417,Citan,vans,2021 - present,Diesel · Gasoline
MERCEDES BENZ,58,417,A-Klasse Saloon,sedans,2022 - present,Gasoline · Diesel · Plug-in hybrid
MERCEDES BENZ,58,417,EQC,suvs,2019 - present,Electric
MERCEDES BENZ,58,417,EQE,sedans,2021 - present,Electric
MERCEDES BENZ,58,417,T-Class,vans,2022 - present,Gasoline · Diesel
MERCEDES BENZ,58,417,EQE SUV,suvs,2022 - present,Plug-in hybrid
MERCEDES BENZ,58,417,Vito,vans,2020 - present,Electric
Mercedes-AMG,65,57,E-Class,Gasoline · Mild hybrid · Hybrid gasoline,2016 - present,Gasoline · Mild hybrid · Hybrid gasoline
Mercedes-AMG,65,57,GLE Coupe,Gasoline · Mild hybrid,2015 - present,Gasoline · Mild hybrid
Mercedes-AMG,65,57,CLA Shooting brake,Gasoline,2015 - present,Gasoline
Mercedes-AMG,65,57,GT 4-DOOR COUPE,Gasoline · Mild hybrid · Plug-in hybrid,2018 - present,Gasoline · Mild hybrid · Plug-in hybrid
Mercedes-AMG,65,57,GLA,"SUVs
Gasoline",2014 - present,Gasoline
Mercedes-AMG,65,57,GLS- Class,Gasoline · Hybrid gasoline,2016 - present,Gasoline · Hybrid gasoline
Mercedes-AMG,65,57,CLA-Class,Gasoline,2016 - present,Gasoline
Mercedes-AMG,65,57,GLE,"SUVs
Gasoline",2015 - present,Gasoline
Mercedes-AMG,65,57,GLB,"SUVs
Gasoline",2019 - present,Gasoline
Mercedes-AMG,65,57,GT Coupe,Gasoline · Plug-in hybrid,2015 - present,Gasoline · Plug-in hybrid
Mercedes-AMG,65,57,GLC Coupe,Gasoline · Plug-in hybrid,2016 - present,Gasoline · Plug-in hybrid
Mercedes-AMG,65,57,C-CLASS,Gasoline · Plug-in hybrid,2015 - present,Gasoline · Plug-in hybrid
Mercedes-AMG,65,57,CLS-Class,"Sedans
Gasoline · Mild hybrid",2018 - present,Gasoline · Mild hybrid
Mercedes-AMG,65,57,GT Roadster,Gasoline,2016 - present,Gasoline
Mercedes-AMG,65,57,C-CLASS COUPE,"Coupes
Gasoline",2016 - present,Gasoline
Mercedes-AMG,65,57,E-Class Cabriolet,"Convertibles
Gasoline",2018 - present,Gasoline
Mercedes-AMG,65,57,E-Class Coupe,"Coupes
Gasoline",2018 - present,Gasoline
Mercedes-AMG,65,57,GLC-Class,Gasoline · Plug-in hybrid,2016 - present,Gasoline · Plug-in hybrid
Mercedes-AMG,65,57,C-CLASS T-MODELL,Gasoline,2015 - present,Gasoline
Mercedes-AMG,65,57,S-Class Cabriolet,"Convertibles
Gasoline",2016 - present,Gasoline
Mercedes-AMG,65,57,CLE Cabriolet,"Convertibles
Mild hybrid",2024 - present,Mild hybrid
Mercedes-AMG,65,57,SL-Class,"Convertibles
Mild hybrid · Gasoline · Plug-in hybrid",2021 - present,Mild hybrid · Gasoline · Plug-in hybrid
Mercedes-AMG,65,57,CLE Coupe,"Coupes
Mild hybrid",2023 - present,Mild hybrid
Mercedes-AMG,65,57,A-Class,Gasoline,2015 - present,Gasoline
Mercedes-AMG,65,57,C-Class Wagon,"Wagons
Gasoline",2022 - present,Gasoline
Mercedes-AMG,65,57,G 63,"SUVs
Gasoline · Mild hybrid",2018 - present,Gasoline · Mild hybrid
Mercedes-AMG,65,57,ONE,"Coupes
Plug-in hybrid",2022 - present,Plug-in hybrid
Mercedes-AMG,65,57,E-Class Estate,"Wagons
Hybrid gasoline",2024 - present,Hybrid gasoline
Mercedes-AMG,65,57,EQE,"Sedans
Electric",2022 - present,Electric
Mercedes-AMG,65,57,S-Class,Gasoline · Plug-in hybrid,2017 - present,Gasoline · Plug-in hybrid
Mercedes-AMG,65,57,EQE SUV,"SUVs
Plug-in hybrid",2022 - present,Plug-in hybrid
Mercedes-AMG,65,57,S-Class Coupe,"Coupes
Gasoline",2017 - present,Gasoline
Mercedes-AMG,65,57,EQS,"Sedans
Electric",2021 - present,Electric
Mercedes-AMG,65,57,SLC,Gasoline,2016 - present,Gasoline
MERCURY,0,15,Cougar,coupes,1998 - 2002,Gasoline
MERCURY,0,15,Grand Marquis,sedans,2002 - 2011,Gasoline
MERCURY,0,15,Marauder,sedans,2003 - 2004,Gasoline
MERCURY,0,15,Mariner,suvs,2004 - 2011,Gasoline · Hybrid · Hybrid gasoline
MERCURY,0,15,Milan,sedans,2005 - 2011,Gasoline · Hybrid · Ethanol
MERCURY,0,15,Montego,sedans,2004 - 2007,Gasoline
MERCURY,0,15,Monterey,vans,2004 - 2006,Gasoline
MERCURY,0,15,Mountaineer,suvs,2006 - 2010,Gasoline
MERCURY,0,15,Sable,sedans,2007 - 2009,Gasoline
MERCURY,0,15,Villager,vans,1992 - 2002,Gasoline
MG,10,18,ZS,SUV,2017 - present,Gasoline · Electric
MG,10,18,3,Hatchback,2013 - present,Gasoline · Hybrid gasoline
MG,10,18,6,Sedan,2011 - present,Gasoline · Diesel
MG,10,18,Marvel R,SUV,2021 - present,Electric
MG,10,18,5,Wagon,2021 - present,Electric
MG,10,18,HS,SUV,2019 - present,Gasoline
MG,10,18,S5 EV,SUV,2025 - present,Electric
MG,10,18,4,Hatchback,2022 - present,Electric
MINI,10,23,Classic,hatchbacks,1997 - present,Gasoline
MINI,10,23,Clubman,vans,2007 - 2023,Gasoline · Diesel
MINI,10,23,Countryman,hatchbacks,2010 - present,Gasoline · Diesel · Hybrid · Electric · Mild hybrid
MINI,10,23,Hatch,hatchbacks,1997 - present,Gasoline · Diesel · Electric
MINI,10,23,Convertible,convertibles,2004 - present,Gasoline · Diesel · Electric
MINI,10,23,Aceman,suvs,2024 - present,Electric
MINI,10,23,Clubvan,hatchbacks,2012 - present,Gasoline · Diesel
MITSUBISHI,12,98,ASX / RVR / Outlander Sport,SUVs,2010 - present,Gasoline · Diesel · Mild hybrid · Hybrid gasoline · Plug-in hybrid
MITSUBISHI,12,98,Eclipse Cross,SUVs,2017 - present,Gasoline
MITSUBISHI,12,98,Outlander / Airtrek,SUVs,2003 - present,Gasoline · Diesel · Hybrid · Mild hybrid
MITSUBISHI,12,98,Mirage,Hatchbacks,2012 - present,Gasoline
MITSUBISHI,12,98,Mirage G4,Sedans,2013 - present,Gasoline
MITSUBISHI,12,98,L 200,Trucks,1995 - present,Gasoline · Diesel
MITSUBISHI,12,98,Colt 5 Doors,Hatchbacks,2004 - present,Gasoline · Diesel · Hybrid gasoline
MITSUBISHI,12,98,Space Star,Vans,2002 - present,Gasoline · Diesel
MITSUBISHI,12,98,Attrage,Sedans,2013 - present,Gasoline
MITSUBISHI,12,98,i-MiEV,Hatchbacks,2009 - present,Electric
MORGAN,9,10,Plus 4,convertibles,2005 - present,Gasoline
MORGAN,9,10,Plus Six,convertibles,2019 - present,Gasoline
MORGAN,9,10,Roadster,convertibles,2004 - present,Gasoline
MORGAN,9,10,Aero 8,convertibles,2001 - present,Gasoline
MORGAN,9,10,4/4 2 Seater,convertibles,2008 - present,Gasoline
MORGAN,9,10,Plus 8,convertibles,2012 - present,Gasoline
MORGAN,9,10,3 wheeler,convertibles,2011 - present,Gasoline
MORGAN,9,10,Aero Coupe,coupes,2012 - present,Gasoline
NIO,5,0,ES8,SUV,2018 - present,Electric
NIO,5,0,EP9,Coupe,2016 - present,Electric
NIO,5,0,EC6,SUV,2020 - present,Electric
NIO,5,0,ES6,SUV,2018 - present,Electric
NIO,5,0,ET7,Sedan,2020 - present,Electric
NISSAN,45,181,Armada,SUV,2003 - present,Gasoline
NISSAN,45,181,Qashqai,SUV,2007 - present,Diesel · Gasoline · Mild hybrid · Electric · Hybrid gasoline
NISSAN,45,181,Murano,SUV,2003 - present,Gasoline · Diesel · Hybrid gasoline
NISSAN,45,181,Sentra,Sedan,2000 - present,Gasoline
NISSAN,45,181,Rogue,SUV,2007 - present,Gasoline · Hybrid gasoline
NISSAN,45,181,Tiida / Versa Sedan,Sedan,2006 - present,Gasoline · Diesel
NISSAN,45,181,Leaf,Hatchback,2010 - present,Electric
NISSAN,45,181,GT-R,Coupe,1969 - present,Gasoline
NISSAN,45,181,X-Trail,SUV,2001 - present,Gasoline · Diesel · Hybrid gasoline · Mild hybrid
NISSAN,45,181,Altima,Sedan,1998 - present,Gasoline · Hybrid
NISSAN,45,181,GT-R Nismo,Coupe,2014 - present,Gasoline
NISSAN,45,181,Navara / Frontier Double Cab,Truck,2005 - present,Diesel · Gasoline
NISSAN,45,181,Pathfinder,SUV,2001 - present,Diesel · Gasoline
NISSAN,45,181,Micra 5 Doors,Hatchback,1989 - present,Gasoline · Diesel
NISSAN,45,181,Kicks,SUV,2016 - present,Gasoline
NISSAN,45,181,Juke,SUV,2010 - present,Diesel · Gasoline
NISSAN,45,181,Patrol LWB,SUV,1988 - present,Diesel · Gasoline
NISSAN,45,181,Navara / Frontier King Cab,Truck,2005 - present,Gasoline · Diesel
NISSAN,45,181,Titan Crew Cab,Truck,2004 - present,Gasoline · Diesel
NISSAN,45,181,Maxima,Sedan,1989 - present,Gasoline
NISSAN,45,181,Note,Van,2005 - present,Gasoline · Diesel
NISSAN,45,181,Serena,Van,1991 - present,Diesel · Gasoline · Mild hybrid
NISSAN,45,181,370Z Nismo,Coupe,2009 - present,Gasoline
NISSAN,45,181,370Z,Coupe,2008 - present,Gasoline
NISSAN,45,181,370Z Roadster,Convertible,2009 - present,Gasoline
NISSAN,45,181,Quest,Van,2004 - present,Gasoline
NISSAN,45,181,Teana,Sedan,2003 - present,Gasoline
NISSAN,45,181,Almera / Pulsar 5 Doors,Hatchback,1995 - present,Gasoline · Diesel
NISSAN,45,181,Almera / Pulsar Sedan,Hatchback,1995 - present,Gasoline · Diesel
NISSAN,45,181,Terrano 5 Doors,SUV,1990 - present,Diesel · Gasoline
NISSAN,45,181,Juke Nismo,SUV,2013 - present,Gasoline
NISSAN,45,181,Sakura,Van,2022 - present,Electric
NISSAN,45,181,Grand Livina,Wagon,2006 - present,Gasoline
NISSAN,45,181,Sunny,Sedan,2010 - present,Gasoline · Diesel
NISSAN,45,181,NV,Van,2009 - present,Diesel
NISSAN,45,181,Ariya,SUV,2020 - present,Electric
NISSAN,45,181,Z,Coupe,2021 - present,Gasoline
OLDSMOBILE,0,16,442 Convertible,Gasoline,1970 - 1971,Gasoline
OLDSMOBILE,0,16,88,Gasoline,1949 - 1953,Gasoline
OLDSMOBILE,0,16,Alero coupe,Gasoline,1999 - 2004,Gasoline
OLDSMOBILE,0,16,Alero sedan,Gasoline,1999 - 2004,Gasoline
OLDSMOBILE,0,16,Aurora,Gasoline,1994 - 2003,Gasoline
OLDSMOBILE,0,16,Bravada,Gasoline,2001 - 2004,Gasoline
OLDSMOBILE,0,16,Curved Dash,Gasoline,1901 - 1907,Gasoline
OLDSMOBILE,0,16,Cutlass,Gasoline,1961 - 1963,Gasoline
OLDSMOBILE,0,16,Intrigue,Gasoline,1997 - 2002,Gasoline
OLDSMOBILE,0,16,Silhouette,Gasoline,1996 - 2004,Gasoline
OLDSMOBILE,0,16,Toronado,Gasoline,1966 - 1992,Gasoline
OPEL,23,140,Grandland,SUV,2017 - present,"Gasoline, Diesel, Hybrid, Hybrid gasoline, Plug-in hybrid, Electric"
OPEL,23,140,Corsa 5 Doors,Hatchback,1993 - present,"Gasoline, Diesel, Natural gas, Electric, Hybrid gasoline"
OPEL,23,140,Astra 5 Doors,Hatchback,1991 - present,"Diesel, Gasoline, Natural gas, Electric"
OPEL,23,140,Astra Sports Tourer,Wagon,2010 - present,"Diesel, Gasoline, Plug-in hybrid, Electric"
OPEL,23,140,Mokka,SUV,2012 - present,"Gasoline, Diesel, Liquefied petroleum gas (lpg), Electric"
OPEL,23,140,Insignia,Sedan,2008 - present,"Gasoline, Diesel, Natural gas"
OPEL,23,140,Zafira,Van,1999 - present,"Gasoline, Hybrid, Diesel, Natural gas"
OPEL,23,140,Combo,Van,2001 - present,"Diesel, Gasoline, Natural gas"
OPEL,23,140,Corsa OPC,Hatchback,2007 - present,Gasoline
OPEL,23,140,Corsa 3 Doors,Hatchback,1993 - present,"Gasoline, Diesel, Liquefied petroleum gas (lpg), Natural gas"
OPEL,23,140,Insignia Sports Tourer,Wagon,2009 - present,"Natural gas, Gasoline, Diesel, Ethanol"
OPEL,23,140,Frontera,SUV,1992 - present,"Gasoline, Diesel, Mild hybrid, Hybrid gasoline"
OPEL,23,140,Insignia GSi,Sedan,2017 - present,Gasoline
OPEL,23,140,Rocks-e,Hatchback,2021 - present,Electric
OPEL,23,140,Insignia Country Tourer,Wagon,2013 - present,"Gasoline, Diesel"
OPEL,23,140,Crossland,SUV,2017 - present,"Gasoline, Diesel"
OPEL,23,140,Insignia Sports Tourer GSi,Wagon,2017 - present,"Diesel, Gasoline"
OPEL,23,140,Cascada,Convertible,2013 - present,"Gasoline, Diesel"
PAGANI,3,8,Huayra,coupes,2012 - present,Gasoline
PAGANI,3,8,Imola,coupes,2020 - present,Gasoline
PAGANI,3,8,Utopia,coupes,2022 - present,Gasoline
PANOZ,2,3,Avezzano,Coupes,2017 - present,Gasoline
PANOZ,2,3,Roadster,Convertibles,2015 - present,Gasoline
PANOZ,2,3,Esperante,,1999 - 2007,Gasoline
PANOZ,2,3,Esperante GT,,2000 - 2007,Gasoline
PANOZ,2,3,Esperante GTLM,,2003 - 2007,Gasoline
PERODUA,5,5,Axia,hatchbacks,2014 - present,Gasoline
PERODUA,5,5,Bezza,sedans,2016 - present,Gasoline
PERODUA,5,5,Alza,vans,2009 - present,Gasoline
PERODUA,5,5,Aruz,suvs,2019 - present,Gasoline
PERODUA,5,5,Myvi,hatchbacks,2015 - present,Gasoline
PEUGEOT,24,127,3008,vans,2009 - present,Diesel · Gasoline · Hybrid · Hybrid gasoline
PEUGEOT,24,127,508 SW,wagons,2010 - present,Hybrid · Diesel · Gasoline · Plug-in hybrid
PEUGEOT,24,127,508,sedans,2010 - present,Diesel · Gasoline · Hybrid · Plug-in hybrid
PEUGEOT,24,127,2008,suvs,2013 - present,Gasoline · Diesel · Electric · Hybrid gasoline
PEUGEOT,24,127,208 5 doors,hatchbacks,2012 - present,Gasoline · Diesel · Electric
PEUGEOT,24,127,308 5 Doors,hatchbacks,2008 - present,Gasoline · Ethanol · Diesel · Hybrid gasoline
PEUGEOT,24,127,308 SW,wagons,2008 - present,Gasoline · Diesel · Hybrid gasoline
PEUGEOT,24,127,5008,vans,2009 - present,Diesel · Gasoline
PEUGEOT,24,127,301,sedans,2012 - present,Gasoline · Diesel
PEUGEOT,24,127,Tepee,vans,2007 - present,Diesel · Gasoline
PEUGEOT,24,127,Pick Up,trucks,2017 - present,Diesel
PEUGEOT,24,127,108,hatchbacks,2014 - present,Gasoline
PEUGEOT,24,127,Landtrek,trucks,2020 - present,Diesel · Gasoline
PEUGEOT,24,127,RIFTER,vans,2018 - present,Gasoline · Diesel
PEUGEOT,24,127,408 Fastback,suvs,2022 - present,Hybrid gasoline · Gasoline
PEUGEOT,24,127,Traveller,vans,2016 - present,Diesel
Pininfarina,2,0,B95,coupes,2023 - present,Electric
Pininfarina,2,0,Battista,coupes,2019 - present,Electric
PLYMOUTH,0,11,Acclaim,sedans,1988 - 1994,Gasoline
PLYMOUTH,0,11,Barracuda,coupes,1964 - 1967,Gasoline
PLYMOUTH,0,11,Breeze,sedans,1995 - 2000,Gasoline
PLYMOUTH,0,11,Laser,coupes,1989 - 1994,Gasoline
PLYMOUTH,0,11,Neon Coupe,coupes,1994 - 1999,Gasoline
PLYMOUTH,0,11,Neon Sedan,sedans,1994 - 1999,Gasoline
PLYMOUTH,0,11,Valiant,sedans,1967 - 1973,Gasoline
PLYMOUTH,0,11,Voyager,vans,1984 - 2000,Gasoline
Polestar,4,1,2,sedans,2019 - present,Electric
Polestar,4,1,1,coupes,2019 - present,Hybrid
Polestar,4,1,3,suvs,2022 - present,Electric
Polestar,4,1,4,suvs,2023 - present,Electric
PONTIAC,0,53,Aztek,SUV,2000 - 2005,Gasoline
PONTIAC,0,53,Bonneville,Sedan,1958 - 2005,Gasoline
PONTIAC,0,53,Fiero,Sports Car,1985 - 1988,Gasoline
PONTIAC,0,53,Firebird,Sports Car,1967 - 2002,Gasoline
PONTIAC,0,53,G3,Hatchback,2009 - 2011,Gasoline
PONTIAC,0,53,G5,Hatchback,2004 - 2010,Gasoline
PONTIAC,0,53,G6,Sedan,2004 - 2010,Gasoline
PONTIAC,0,53,G6 Convertible,Convertible,2008 - 2010,Gasoline
PONTIAC,0,53,G6 Coupe,Coupe,2008 - 2010,Gasoline
PONTIAC,0,53,G8,Sedan,2007 - 2009,Gasoline
PONTIAC,0,53,Grand Am,Sedan,1998 - 2005,Gasoline
PONTIAC,0,53,Grand Prix,Sedan,1990 - 2008,Gasoline
PONTIAC,0,53,GTO,Muscle Car,1964 - 2006,Gasoline
PONTIAC,0,53,Montana,Minivan,2000 - 2009,Gasoline
PONTIAC,0,53,Solstice,Sports Car,2005 - 2009,Gasoline
PONTIAC,0,53,Sunfire Cabrio,Convertible,1994 - 1999,Gasoline
PONTIAC,0,53,Sunfire Coupe,Coupe,2000 - 2005,Gasoline
PONTIAC,0,53,Sunfire Sedan,Sedan,1994 - 2002,Gasoline
PONTIAC,0,53,Torrent,SUV,2005 - 2009,Gasoline
PONTIAC,0,53,Trans Sport,Minivan,1990 - 1996,Gasoline
PONTIAC,0,53,Vibe,Hatchback,2002 - 2010,Gasoline
PORSCHE,72,226,Taycan,sedans,2019 - present,Electric
PORSCHE,72,226,Taycan Cross Turismo,sedans,2019 - present,Electric
PORSCHE,72,226,911 GT3,coupes,1999 - present,Gasoline
PORSCHE,72,226,911 Carrera Cabriolet,convertibles,1983 - present,Gasoline
PORSCHE,72,226,Taycan Turbo,convertibles,2019 - present,Gasoline
PORSCHE,72,226,911 Carrera 4 GTS,sedans,2019 - present,Electric
PORSCHE,72,226,Cayenne GTS,coupes,2014 - present,Gasoline · Hybrid gasoline
PORSCHE,72,226,Cayenne Coupe,suvs,2008 - present,Gasoline
PORSCHE,72,226,Panamera,suvs,2019 - present,Gasoline · Hybrid gasoline
PORSCHE,72,226,Cayenne S,sedans,2009 - 2023,Gasoline
PORSCHE,72,226,718 Cayman GT4,suvs,2002 - present,Gasoline · Hybrid gasoline
PORSCHE,72,226,Cayenne,coupes,2015 - present,Gasoline
PORSCHE,72,226,Panamera 4,suvs,2002 - present,Gasoline · Hybrid · Hybrid gasoline
PORSCHE,72,226,718 Spyder,sedans,2009 - present,Gasoline
PORSCHE,72,226,911 Carrera T,convertibles,2019 - present,Gasoline
PORSCHE,72,226,Macan S,coupes,2017 - present,Gasoline
PORSCHE,72,226,Macan GTS,suvs,2014 - present,Diesel · Gasoline
PORSCHE,72,226,911 Carrera GTS,suvs,2015 - present,Gasoline
PORSCHE,72,226,911 Targa 4 GTS,coupes,2010 - 2021,Gasoline
PORSCHE,72,226,911 Targa 4S,coupes,2015 - present,Gasoline
PORSCHE,72,226,Panamera 4S Diesel,sedans,2016 - 2020,Diesel
PORSCHE,72,226,Panamera GTS,sedans,2011 - present,Gasoline
PORSCHE,72,226,Panamera GTS Sport Turismo,wagons,2018 - present,Gasoline
PORSCHE,72,226,Panamera Turbo,sedans,2009 - 2020,Gasoline
PORSCHE,72,226,911 Turbo S,coupes,2004 - present,Gasoline
PORSCHE,72,226,911 Turbo Cabriolet,convertibles,1987 - 2020,Gasoline
PORSCHE,72,226,911 Turbo S Cabriolet,coupes,2006 - present,Gasoline
PORSCHE,72,226,911 Turbo,convertibles,2004 - present,Gasoline
PORSCHE,72,226,Panamera Turbo S E-Hybrid,coupes,1974 - present,Hybrid gasoline
PORSCHE,72,226,911 Targa 4,sedans,2017 - 2020,Gasoline
PORSCHE,72,226,Panamera 4 E-Hybrid,coupes,2006 - present,Gasoline
PORSCHE,72,226,Panamera 4 E-Hybrid Sport Turismo,sedans,2016 - 2020,Gasoline
PORSCHE,72,226,Panamera 4 Sport Turismo,wagons,2017 - 2020,Hybrid
PORSCHE,72,226,Panamera 4S,wagons,2017 - 2020,Gasoline
PORSCHE,72,226,911 Carrera S,sedans,2009 - 2020,Gasoline
PORSCHE,72,226,Macan Turbo,coupes,1995 - present,Gasoline
PORSCHE,72,226,911 Carrera,suvs,2014 - present,Gasoline
PORSCHE,72,226,911 Carrera 4S Cabriolet,coupes,1964 - present,Gasoline
PORSCHE,72,226,911 Carrera 4S,convertibles,2003 - present,Gasoline
PORSCHE,72,226,Macan,coupes,1995 - present,Gasoline
PORSCHE,72,226,Panamera Turbo S,sedans,2011 - present,Gasoline
PORSCHE,72,226,Cayenne Turbo,suvs,2002 - present,Gasoline
PORSCHE,72,226,911 Carrera GTS Cabriolet,convertibles,2010 - present,Gasoline
PORSCHE,72,226,911 Carrera 4 Cabriolet,convertibles,1998 - present,Gasoline
PORSCHE,72,226,Panamera Turbo S Sport Turismo,hatchbacks,2020 - present,Gasoline
PORSCHE,72,226,Macan 4 Electric,suvs,2024 - present,Electric
PORSCHE,72,226,Panamera Turbo E Hybrid,sedans,2023 - present,Hybrid gasoline
PORSCHE,72,226,718 Boxster GTS,convertibles,2017 - present,Gasoline
PORSCHE,72,226,Cayenne Turbo S E-Hybrid,suvs,2019 - present,Hybrid
PORSCHE,72,226,Cayenne Turbo E-Hybrid Coupe,coupes,2023 - present,Mild hybrid
PORSCHE,72,226,718 Cayman,coupes,2016 - present,Gasoline
PORSCHE,72,226,Taycan GTS Sport Turismo,wagons,2021 - present,Electric
PORSCHE,72,226,Speedster,convertibles,2019 - present,Gasoline
PORSCHE,72,226,Cayenne S E-Hybrid,suvs,2014 - present,Hybrid
PORSCHE,72,226,Macan Turbo Electric,suvs,2024 - present,Electric
PORSCHE,72,226,Cayenne GTS Coupe,suvs,2020 - present,Gasoline
PORSCHE,72,226,718 Cayman S,coupes,2016 - present,Gasoline
PORSCHE,72,226,911 R,coupes,2016 - present,Gasoline
PORSCHE,72,226,718 Cayman GTS,coupes,2017 - present,Gasoline
PORSCHE,72,226,Panamera 4S Diesel Sport Turismo,wagons,2017 - present,Diesel
PORSCHE,72,226,Panamera Turbo S E-Hybrid Sport Turismo,wagons,2017 - present,Hybrid
PORSCHE,72,226,Panamera 4S E-Hybrid,sedans,2020 - present,Hybrid gasoline
PORSCHE,72,226,Panamera Turbo Sport Turismo,wagons,2017 - present,Gasoline
PORSCHE,72,226,Panamera 4S Sport Turismo,wagons,2017 - present,Gasoline
PORSCHE,72,226,718 Boxster S,convertibles,2016 - present,Gasoline
PORSCHE,72,226,Macan T,suvs,2022 - present,Gasoline
PORSCHE,72,226,Taycan GTS,sedans,2021 - present,Electric
PORSCHE,72,226,718 Boxster,convertibles,2016 - present,Gasoline
PORSCHE,72,226,Taycan Sport Turismo,wagons,2024 - present,Electric
PORSCHE,72,226,Cayenne Turbo E-Hybrid,suvs,2023 - present,Hybrid gasoline
PROTON,7,10,Persona,sedans,2007 - present,Gasoline
PROTON,7,10,Saga,sedans,2011 - present,Gasoline
PROTON,7,10,Inspira,sedans,2010 - present,Gasoline
PROTON,7,10,Perdana,sedans,2016 - present,Gasoline
PROTON,7,10,Preve,sedans,2011 - present,Gasoline
PROTON,7,10,Ertiga,vans,2016 - present,Gasoline
PROTON,7,10,Suprima S,hatchbacks,2013 - present,Gasoline
PROTON,7,10,Arena / Jumbuck,trucks,2002 - 2011,Gasoline
PROTON,7,10,Exora,vans,2009 - 2019,Gasoline
PROTON,7,10,Gen-2,sedans,2004 - 2013,Gasoline
PROTON,7,10,Iriz,hatchbacks,2014 - 2017,Gasoline
PROTON,7,10,Satria Neo,hatchbacks,2006 - 2015,Gasoline
PROTON,7,10,Savvy,hatchbacks,2005 - 2012,Gasoline
PROTON,7,10,Waja / Impian,sedans,2001 - 2011,Gasoline
QOROS,4,0,3,Sedan,2013 - present,Gasoline
QOROS,4,0,5,SUV,2016 - present,Gasoline
RAM Trucks,11,11,1500,trucks,2013 - present,Gasoline · Diesel · Electric
RAM Trucks,11,11,2500,trucks,2013 - present,Gasoline · Diesel · Natural gas
RAM Trucks,11,11,3500,trucks,2013 - present,Gasoline · Diesel
RENAULT,39,178,Austral,SUV,2022 - present,Hybrid gasoline · Mild hybrid
RENAULT,39,178,Espace,Vans,1985 - present,Diesel · Gasoline · Hybrid gasoline
RENAULT,39,178,Captur,Hatchbacks,2013 - present,Gasoline · Diesel · Liquefied petroleum gas (lpg) · Hybrid gasoline · Mild hybrid
RENAULT,39,178,Arkana,SUV,2019 - present,Gasoline · Hybrid gasoline · Mild hybrid
RENAULT,39,178,Clio 5 Doors,Hatchbacks,1990 - present,Gasoline · Diesel · Hybrid · Hybrid gasoline
RENAULT,39,178,Megane 5 Doors,Hatchbacks,1996 - present,Gasoline · Diesel · Hybrid
RENAULT,39,178,Kangoo,Vans,1997 - present,Gasoline · Diesel · Electric
RENAULT,39,178,Megane Estate,Wagons,1999 - present,Gasoline · Diesel · Hybrid
RENAULT,39,178,Megane Sedan,Sedans,1996 - present,Gasoline · Diesel
RENAULT,39,178,Koleos,SUV,2007 - present,Diesel · Gasoline
RENAULT,39,178,Twingo,Hatchbacks,1998 - present,Gasoline · Diesel · Electric
RENAULT,39,178,ZOE,Hatchbacks,2013 - present,Electric
RENAULT,39,178,Kadjar,SUV,2015 - present,Gasoline · Diesel
RENAULT,39,178,Scenic,Vans,1995 - present,Gasoline · Diesel · Electric
RENAULT,39,178,Megane Cabriolet,Convertibles,1997 - present,Gasoline · Diesel
RENAULT,39,178,Grand Scenic,Vans,2003 - present,Diesel · Gasoline · Hybrid
RENAULT,39,178,5 Electric,Hatchbacks,2024 - present,Electric
RENAULT,39,178,Kwid,SUV,2015 - present,Gasoline
RENAULT,39,178,Logan,Sedans,2014 - present,Gasoline
RENAULT,39,178,Sandero,Hatchbacks,2012 - present,Gasoline
RENAULT,39,178,Clio RS,Hatchbacks,2013 - present,Gasoline
RENAULT,39,178,Grand Kangoo,Vans,2023 - present,Electric
RENAULT,39,178,Kiger,SUV,2021 - present,Gasoline
RENAULT,39,178,Rafale,SUV,2023 - present,Hybrid gasoline
RENAULT,39,178,Symbioz,SUV,2024 - present,Hybrid gasoline
RENAULT,39,178,Kardian,SUV,2023 - present,Gasoline
RENAULT,39,178,City K-ZE,SUV,2019 - present,Electric
RENAULT,39,178,Triber,Vans,2019 - present,Gasoline
RENAULT,39,178,Alaskan,Trucks,2016 - present,Diesel
RENAULT,39,178,Twizy,Hatchbacks,2012 - present,Electric
RENAULT,39,178,Megane E-Tech,Hatchbacks,2021 - present,Electric
RIMAC,1,0,Nevera,Coupe,2021 - present,Electric
RIVIAN,5,0,R1T,SUV,2024 - present,Electric
RIVIAN,5,0,R1S,Truck,2021 - present,Electric
RIVIAN,5,0,R2,SUV,2021 - present,Electric
RIVIAN,5,0,R3X,SUV,2024 - present,Electric
ROLLS-ROYCE,9,30,Cullinan,SUV,2018 - present,Gasoline
ROLLS-ROYCE,9,30,Ghost,Sedan,2009 - present,Gasoline
ROLLS-ROYCE,9,30,Phantom,Sedan,1925 - present,Gasoline
ROLLS-ROYCE,9,30,Spectre,Coupe,2022 - present,Electric
ROLLS-ROYCE,9,30,Dawn,Convertible,2016 - present,Gasoline
ROLLS-ROYCE,9,30,Arcadia,Coupe,2024 - present,Gasoline
ROLLS-ROYCE,9,30,La Rose Noire,Convertible,2023 - present,Gasoline
ROLLS-ROYCE,9,30,Wraith,Sedan,2013 - present,Gasoline
ROLLS-ROYCE,9,30,Camargue,Sedan,1975 - 1986,Gasoline
ROLLS-ROYCE,9,30,Corniche,Convertible,1971 - 2003,Gasoline
ROLLS-ROYCE,9,30,Flying Spur,Sedan,1994 - 1995,Gasoline
ROLLS-ROYCE,9,30,Park Ward,Sedan,1995 - 2002,Gasoline
ROLLS-ROYCE,9,30,Silver Dawn,Sedan,1949 - 1999,Gasoline
ROLLS-ROYCE,9,30,Silver Seraph,Sedan,1998 - 2002,Gasoline
ROLLS-ROYCE,9,30,Silver Shadow,Sedan,1965 - 1980,Gasoline
ROLLS-ROYCE,9,30,Silver Shadow Coupe,Coupe,1977 - 1982,Gasoline
ROLLS-ROYCE,9,30,Silver Spirit,Sedan,1980 - 1998,Gasoline
ROLLS-ROYCE,9,30,Silver Spur,Sedan,1995 - 1998,Gasoline
SAAB,1,31,9-3 Aero,sedans,2014 - present,Gasoline
SAAB,1,31,9-2X,wagons,2004 - 2006,Gasoline
SAAB,1,31,9-3 Convertible,convertibles,1998 - 2012,Gasoline · Diesel · Ethanol
SAAB,1,31,9-3 Coupe,coupes,1998 - 2002,Gasoline · Diesel
SAAB,1,31,9-3 Sport Sedan,sedans,1998 - 2012,Gasoline · Diesel · Ethanol
SAAB,1,31,9-3 SportCombi,wagons,2004 - 2012,Gasoline · Diesel · Ethanol
SAAB,1,31,9-3X,wagons,2009 - 2012,Diesel · Gasoline · Natural gas
SAAB,1,31,45905,sedans,1997 - 2012,Diesel · Ethanol · Gasoline · Hybrid
SAAB,1,31,9-5 SportCombi,hatchbacks,1998 - 2009,Diesel · Gasoline · Ethanol
SAAB,1,31,9-7X,suvs,2005 - 2009,Gasoline
SAAB,1,31,90,coupes,1984 - 1987,Gasoline
SAAB,1,31,900,coupes,1994 - 1998,Gasoline
SAAB,1,31,900 Cabrio,convertibles,1986 - 1998,Gasoline
SAAB,1,31,9000,sedans,1991 - 1998,Gasoline
SALEEN,0,2,S7,coupes,2000 - 2004,Gasoline
SALEEN,0,2,S7TT,coupes,2005 - 2006,Gasoline
SAMSUNG,0,4,SM 3,Car,2002 - 2013,Gasoline
SAMSUNG,0,4,SM 5,Car,1998 - 2010,Gasoline
SAMSUNG,0,4,SM 7,Car,2005 - 2011,Gasoline
SANTANA,0,4,300 - 350,SUV,2005 - 2011,Diesel
SANTANA,0,4,PS 10 Pickup,Truck,2003 - 2008,Diesel
SANTANA,0,4,PS 10 Plus,Truck,2002 - 2006,Diesel
SANTANA,0,4,PS 10 Shortline,SUV,2006 - 2008,Diesel
SATURN,0,11,Astra,Car,2007 - 2010,Gasoline
SATURN,0,11,Aura,Car,2006 - 2009,Gasoline · Hybrid
SATURN,0,11,Ion Quad Coupe,Car,2003 - 2007,Gasoline
SATURN,0,11,Ion Sedan,Car,2003 - 2007,Gasoline
SATURN,0,11,Outlook,Car,2006 - 2010,Gasoline
SATURN,0,11,Relay,Car,2004 - 2007,Gasoline
SATURN,0,11,Sky,Car,2006 - 2009,Gasoline
SATURN,0,11,Vue,Car,2001 - 2010,Gasoline
SCION,0,10,FR-S,coupes,2013 - 2016,Gasoline
SCION,0,10,iA,sedans,2016 - 2017,Gasoline
SCION,0,10,iM,hatchbacks,2016 - 2017,Gasoline
SCION,0,10,iQ,hatchbacks,2011 - 2016,Gasoline
SCION,0,10,tC,coupes,2003 - 2016,Gasoline
SCION,0,10,xA,hatchbacks,2003 - 2006,Gasoline
SCION,0,10,xB,hatchbacks,2003 - 2015,Gasoline
SCION,0,10,xD,hatchbacks,2007 - 2014,Gasoline
SEAT,14,65,Arona,SUV,2017 - present,Gasoline · Diesel · Natural gas
SEAT,14,65,Ibiza 5 Doors,Hatchback,1993 - present,Gasoline · Diesel · Natural gas
SEAT,14,65,Leon,Hatchback,2000 - present,Gasoline · Diesel · Hybrid · Natural gas
SEAT,14,65,Leon ST Estate,Wagon,2013 - present,Gasoline · Diesel · Mild hybrid · Hybrid · Natural gas
SEAT,14,65,Ateca,SUV,2016 - present,Gasoline · Diesel
SEAT,14,65,Mii,Hatchback,2011 - present,Gasoline · Natural gas
SEAT,14,65,Leon SC,Coupe,2013 - present,Gasoline · Diesel
SEAT,14,65,Altea,Van,2004 - present,Gasoline · Diesel
SEAT,14,65,Leon Cupra R,Hatchback,2002 - present,Gasoline
SEAT,14,65,Leon Cupra,Hatchback,2001 - present,Diesel · Gasoline
SEAT,14,65,Ibiza,Hatchback,2017 - present,Gasoline · Natural gas · Diesel
SEAT,14,65,Leon ST Cupra,Wagon,2015 - present,Gasoline
SEAT,14,65,Leon X-Perience,Wagon,2014 - present,Gasoline · Diesel
SEAT,14,65,Tarraco,SUV,2018 - present,Hybrid · Gasoline · Diesel
SKODA,32,69,Octavia RS,sedans,2001 - present,Diesel · Gasoline · Mild hybrid · Hybrid
SKODA,32,69,Octavia Combi RS,wagons,2002 - present,Diesel · Gasoline · Mild hybrid · Hybrid
SKODA,32,69,Octavia,sedans,1997 - present,Gasoline · Diesel · Natural gas · Hybrid · Mild hybrid
SKODA,32,69,Octavia Combi,wagons,1997 - present,Gasoline · Diesel · Hybrid · Natural gas · Mild hybrid
SKODA,32,69,Superb Combi / Scout,wagons,2009 - present,Gasoline · Diesel · Hybrid
SKODA,32,69,Superb,sedans,2002 - present,Gasoline · Diesel · Hybrid
SKODA,32,69,Scala,hatchbacks,2018 - present,Natural gas · Gasoline · Diesel
SKODA,32,69,Kamiq,suvs,2018 - present,Gasoline · Natural gas · Diesel
SKODA,32,69,Kodiaq,suvs,2016 - present,Gasoline · Diesel
SKODA,32,69,Fabia,hatchbacks,2000 - present,Gasoline · Diesel
SKODA,32,69,Kodiaq RS,suvs,2018 - present,Diesel · Gasoline
SKODA,32,69,Karoq,suvs,2017 - present,Gasoline · Diesel
SKODA,32,69,Octavia Scout,,2006 - present,Gasoline · Diesel · Mild hybrid
SKODA,32,69,Citigo,hatchbacks,2011 - present,Gasoline · Natural gas · Electric
SKODA,32,69,Fabia Combi,hatchbacks,2000 - present,Gasoline · Diesel
SKODA,32,69,Octavia Combi 4x4,,2009 - present,Diesel · Gasoline
SKODA,32,69,Rapid,sedans,2011 - present,Gasoline · Diesel
SKODA,32,69,Enyaq,suvs,2020 - present,Electric
SKODA,32,69,Elroq RS,suvs,2025 - present,Electric
SKODA,32,69,Elroq,suvs,2024 - present,Electric
SKODA,32,69,Rapid Spaceback,wagons,2013 - present,Gasoline · Diesel
SKODA,32,69,Enyaq Coupe,suvs,2022 - present,Electric
SKODA,32,69,Slavia,sedans,2021 - present,Gasoline
SKODA,32,69,Kushaq,suvs,2021 - present,Gasoline
SKODA,32,69,Kylaq,suvs,2024 - present,Gasoline
SMART,9,25,forfour,hatchbacks,2003 - present,Gasoline · Diesel · Electric
SMART,9,25,fortwo,hatchbacks,1998 - present,Gasoline · Diesel · Hybrid gasoline · Electric
SMART,9,25,fortwo Cabrio,convertibles,2000 - present,Gasoline · Diesel · Electric
SMART,9,25,5,suvs,2024 - present,Electric
SMART,9,25,1,suvs,2022 - present,Electric
SMART,9,25,Electric Drive,hatchbacks,2012 - present,Electric
SMART,9,25,crossblade,convertibles,2002 - 2003,Gasoline
SMART,9,25,forfour Brabus,hatchbacks,2005 - 2006,Gasoline
SMART,9,25,fortwo Brabus,hatchbacks,2003 - 2019,Gasoline
SMART,9,25,fortwo Cabrio Brabus,convertibles,2003 - 2014,Gasoline
SMART,9,25,Roadster,convertibles,2002 - 2005,Gasoline
SMART,9,25,Roadster Brabus,convertibles,2003 - 0,Gasoline
SMART,9,25,Roadster Coupe,convertibles,2003 - 2006,Gasoline
SMART,9,25,Roadster Coupe Brabus,convertibles,2003 - 0,Gasoline
SPYKER,0,5,C12 LaTurbie,Gasoline,2006 - 2006,Gasoline
SPYKER,0,5,C8 Double 12 S,Gasoline,2002 - 2007,Gasoline
SPYKER,0,5,C8 Laviolette,Gasoline,2001 - 2009,Gasoline
SPYKER,0,5,C8 Preliator,Coupes,2016 - 2016,Gasoline
SPYKER,0,5,C8 Spyder,Gasoline,2000 - 2009,Gasoline
SSANGYONG,3,17,Rexton,SUV,2001 - present,Gasoline · Diesel
SSANGYONG,3,17,Tivoli,SUV,2015 - present,Diesel · Gasoline
SSANGYONG,3,17,Musso,SUV,1998 - present,Gasoline · Diesel
SUBARU,18,77,Solterra,SUV,2021 - present,Electric
SUBARU,18,77,Outback Wilderness,SUV,2023 - present,Gasoline
SUBARU,18,77,Outback,Wagon,1998 - present,Gasoline · Diesel
SUBARU,18,77,Crosstrek,SUV,2015 - present,Gasoline · Hybrid gasoline · Plug-in hybrid
SUBARU,18,77,Forester,SUV,1997 - present,Diesel · Gasoline · Hybrid gasoline
SUBARU,18,77,Ascent,SUV,2019 - present,Gasoline
SUBARU,18,77,Legacy,Sedan,1999 - present,Gasoline · Diesel
SUBARU,18,77,Impreza,Sedan,1993 - present,Gasoline · Diesel · Hybrid gasoline
SUBARU,18,77,BRZ,Sedan,2012 - present,Gasoline
SUBARU,18,77,WRX,Sedan,2014 - present,Gasoline
SUBARU,18,77,Levorg,Wagon,2014 - present,Gasoline
SUBARU,18,77,Exiga Liberty,Wagon,2008 - present,Gasoline
SUZUKI,13,53,Swift 5 Doors,hatchbacks,1991 - present,Gasoline · Diesel · Hybrid · Hybrid gasoline · Mild hybrid
SUZUKI,13,53,Jimny,suvs,2005 - present,Gasoline · Diesel
SUZUKI,13,53,Ignis,suvs,2000 - present,Gasoline · Diesel · Mild hybrid
SUZUKI,13,53,Vitara,suvs,2014 - present,Diesel · Gasoline · Hybrid
SUZUKI,13,53,SX4 Crossover,suvs,2006 - present,Gasoline · Diesel
SUZUKI,13,53,Escudo / Vitara 3 Doors,suvs,1989 - present,Gasoline · Diesel
SUZUKI,13,53,Swace,wagons,2020 - present,Hybrid gasoline
SUZUKI,13,53,Across,suvs,2020 - present,Hybrid gasoline
SUZUKI,13,53,Escudo / Grand Vitara 3 Doors,suvs,2008 - present,Gasoline · Diesel
SUZUKI,13,53,APV,vans,2004 - present,Gasoline
SUZUKI,13,53,Baleno,hatchbacks,2016 - present,Gasoline · Mild hybrid
SUZUKI,13,53,S-Cross,suvs,2021 - present,Mild hybrid · Hybrid gasoline
TATA MOTORS,9,6,Safari,SUV,2005 - present,Diesel · Gasoline
TATA MOTORS,9,6,Indigo,Sedan,2002 - present,Gasoline · Diesel
TATA MOTORS,9,6,Harrier,SUV,2018 - present,Diesel
TATA MOTORS,9,6,Aria,Van,2010 - present,Diesel
TATA MOTORS,9,6,Altroz,SUV,2019 - present,Gasoline
TATA MOTORS,9,6,Nexon,SUV,2017 - present,Gasoline · Diesel
TATA MOTORS,9,6,Nano,Hatchback,2008 - present,Gasoline
TATA MOTORS,9,6,Sumo,SUV,2008 - present,Diesel
TESLA,6,9,Model Y,SUV,2019 - present,Electric
TESLA,6,9,Model X,SUV,2015 - present,Electric
TESLA,6,9,Model 3,Sedan,2017 - present,Electric
TESLA,6,9,Model S,Sedan,2012 - present,Electric
TESLA,6,9,Roadster,Convertible,2008 - present,Electric
TESLA,6,9,Cybertruck,Truck,2021 - present,Electric
TOYOTA,62,224,bZ,suvs,2022 - present,Electric
TOYOTA,62,224,Yaris 5 Doors,hatchbacks,1999 - present,Gasoline · Diesel · Hybrid · Hybrid gasoline
TOYOTA,62,224,4Runner,suvs,1990 - present,Diesel · Gasoline
TOYOTA,62,224,GR Yaris,hatchbacks,2020 - present,Gasoline
TOYOTA,62,224,Camry,sedans,1983 - present,Gasoline · Diesel · Hybrid · Hybrid gasoline
TOYOTA,62,224,Tacoma,trucks,2005 - present,Gasoline · Hybrid gasoline
TOYOTA,62,224,C-HR,suvs,2016 - present,Gasoline · Hybrid · Hybrid gasoline · Plug-in hybrid · Electric
TOYOTA,62,224,Yaris Cross,suvs,2020 - present,Gasoline · Hybrid gasoline
TOYOTA,62,224,Sequoia,suvs,2000 - present,Gasoline
TOYOTA,62,224,Corolla Touring,hatchbacks,2018 - present,Gasoline · Hybrid · Hybrid gasoline
TOYOTA,62,224,Corolla Sedan,sedans,1992 - present,Gasoline · Diesel · Hybrid gasoline · Hybrid
TOYOTA,62,224,Corolla Cross,suvs,2020 - present,Gasoline · Hybrid gasoline
TOYOTA,62,224,Prius,hatchbacks,1997 - present,Hybrid · Hybrid gasoline · Plug-in hybrid
TOYOTA,62,224,Tundra,trucks,1999 - present,Gasoline · Hybrid gasoline
TOYOTA,62,224,Mirai,hatchbacks,2015 - present,Electric · Hybrid
TOYOTA,62,224,Sienna,vans,1998 - present,Gasoline · Hybrid
TOYOTA,62,224,Hilux Double Cab,trucks,2011 - present,Diesel · Gasoline · Hybrid diesel
TOYOTA,62,224,Land Cruiser / Prado,suvs,1996 - present,Diesel · Gasoline · · Mild hybrid · Mild hybrid diesel
TOYOTA,62,224,Avalon,sedans,2005 - present,Gasoline · Hybrid
TOYOTA,62,224,RAV4 5 Doors,suvs,2000 - present,Gasoline · Diesel · Hybrid · Hybrid gasoline
TOYOTA,62,224,Aygo 5 Doors,hatchbacks,2005 - present,Gasoline · Diesel
TOYOTA,62,224,Auris 5 Doors,hatchbacks,2006 - present,Gasoline · Diesel · Hybrid gasoline · Hybrid
TOYOTA,62,224,Highlander / Kluger,suvs,2001 - present,Gasoline · Hybrid gasoline · Hybrid
TOYOTA,62,224,Yaris Sedan,sedans,2016 - present,Gasoline
TOYOTA,62,224,Venza,wagons,2009 - present,Gasoline · Hybrid gasoline
TOYOTA,62,224,GT 86,coupes,2012 - present,Gasoline
TOYOTA,62,224,Corolla (US),sedans,2013 - present,Gasoline · Hybrid
TOYOTA,62,224,Avensis Wagon,wagons,1997 - present,Gasoline · Diesel
TOYOTA,62,224,Fortuner,suvs,2011 - present,Diesel · Gasoline
TOYOTA,62,224,Urban Cruiser,suvs,2009 - present,Gasoline · Diesel · Electric
TOYOTA,62,224,Avensis,sedans,1997 - present,Gasoline · Diesel
TOYOTA,62,224,Previa / Estima,vans,1992 - present,Diesel · Gasoline · Hybrid gasoline
TOYOTA,62,224,Supra,coupes,1993 - present,Gasoline
TOYOTA,62,224,Crown,sedans,1979 - present,Diesel · Gasoline · Hybrid gasoline
TOYOTA,62,224,Century SUV,suvs,2023 - present,Plug-in hybrid
TOYOTA,62,224,Harrier,suvs,2014 - present,Gasoline · Hybrid gasoline
TOYOTA,62,224,Crown Estate,wagons,2025 - present,Hybrid gasoline · Plug-in hybrid
TOYOTA,62,224,Etios Liva,hatchbacks,2011 - present,Gasoline · Diesel
TOYOTA,62,224,Etios,sedans,2010 - present,Diesel · Gasoline
TOYOTA,62,224,Crown SUV,suvs,2022 - present,Hybrid gasoline · Mild hybrid
TOYOTA,62,224,Aqua,hatchbacks,2021 - present,Hybrid gasoline
TOYOTA,62,224,Century Sedan,sedans,2023 - present,Hybrid gasoline
TOYOTA,62,224,Vios,sedans,2013 - present,Gasoline
TOYOTA,62,224,Aygo X,suvs,2021 - present,Gasoline
TOYOTA,62,224,Grand Highlander,suvs,2023 - present,Gasoline · Mild hybrid
TOYOTA,62,224,GR Supra,coupes,2022 - present,Gasoline
TOYOTA,62,224,Corolla Cross (US),suvs,2021 - present,Hybrid gasoline · Gasoline
TOYOTA,62,224,VERSO-S,wagons,2010 - present,Gasoline · Diesel
TOYOTA,62,224,Rukus,hatchbacks,2007 - present,Gasoline
TOYOTA,62,224,Agya,hatchbacks,2012 - present,Gasoline
TOYOTA,62,224,GR 86,coupes,2021 - present,Gasoline
TOYOTA,62,224,Yaris Hatchback,hatchbacks,2013 - present,Gasoline
TOYOTA,62,224,GR Corolla,hatchbacks,2022 - present,Gasoline
TOYOTA,62,224,Alphard,vans,2002 - 2007,Gasoline · Hybrid
TOYOTA,62,224,Aurion,sedans,2006 - 2017,Gasoline
TOYOTA,62,224,Auris 3 Doors,hatchbacks,2006 - 2010,Gasoline · Diesel
TOYOTA,62,224,Auris Touring,wagons,2013 - 2015,Gasoline · Diesel · Hybrid gasoline · Hybrid
TOYOTA,62,224,Avensis Liftback,hatchbacks,1997 - 2011,Gasoline · Diesel
TOYOTA,62,224,Avensis Verso,vans,2001 - 2006,Diesel · Gasoline
TOYOTA,62,224,Aygo 3 Doors,hatchbacks,2005 - 2014,Gasoline · Diesel
TOYOTA,62,224,Celica,coupes,1990 - 2006,Gasoline
TOYOTA,62,224,Celica Convertible,convertibles,1991 - 1999,Gasoline
TOYOTA,62,224,Corolla,hatchbacks,2014 - 2020,Gasoline
TOYOTA,62,224,Corolla 3 Doors,hatchbacks,1987 - 2007,Gasoline · Diesel
TOYOTA,62,224,Corolla 5 Doors,hatchbacks,1987 - 2007,Gasoline · Diesel
TOYOTA,62,224,Corolla Liftback,hatchbacks,1987 - 1997,Gasoline · Diesel
TOYOTA,62,224,Corolla Verso,vans,2002 - 2009,Gasoline · Diesel
TOYOTA,62,224,Corolla Wagon,wagons,1997 - 2007,Gasoline · Diesel
TOYOTA,62,224,FJ Cruiser,suvs,2006 - 2016,Gasoline
TOYOTA,62,224,Hilux,trucks,2005 - 2015,Diesel · Gasoline
TOYOTA,62,224,Hilux Extra Cab,trucks,2011 - 2017,Diesel
TOYOTA,62,224,Hilux Single Cab,trucks,2011 - 2018,Diesel
TOYOTA,62,224,Innova,wagons,2011 - 2013,Gasoline · Diesel
TOYOTA,62,224,iQ,hatchbacks,2008 - 2015,Gasoline · Diesel
TOYOTA,62,224,Land Cruiser V8 and predecessors,suvs,1984 - 2021,Diesel · Gasoline
TOYOTA,62,224,Matrix,hatchbacks,2003 - 2014,Gasoline
TOYOTA,62,224,MR2,coupes,1985 - 1999,Gasoline
TOYOTA,62,224,MR2 Cabriolet,convertibles,2000 - 2005,Gasoline
TOYOTA,62,224,Paseo,coupes,1996 - 2000,Gasoline
TOYOTA,62,224,Picnic,vans,1996 - 2001,Gasoline · Diesel
TOYOTA,62,224,Prius C (Aqua),hatchbacks,2012 - 2021,Hybrid
TOYOTA,62,224,Prius Prime,hatchbacks,2016 - 2022,Hybrid
TOYOTA,62,224,Prius v/Prius+,vans,2011 - 2021,Hybrid
TOYOTA,62,224,RAV4 3 Doors,suvs,2000 - 2006,Gasoline · Diesel
TOYOTA,62,224,Solara Convertible,convertibles,2004 - 2008,Gasoline
TOYOTA,62,224,Starlet 3 Doors,hatchbacks,1984 - 1999,Gasoline · Diesel
TOYOTA,62,224,Starlet 5 Doors,hatchbacks,1990 - 1999,Gasoline
TOYOTA,62,224,Verso,vans,2009 - 2018,Diesel · Gasoline
TOYOTA,62,224,Yaris 3 Doors,hatchbacks,1999 - 2020,Gasoline · Diesel
TOYOTA,62,224,Yaris TS 3 Doors,hatchbacks,2007 - 2010,Gasoline
TOYOTA,62,224,Yaris TS 5 Doors,hatchbacks,2007 - 2010,Gasoline
TOYOTA,62,224,Yaris Verso,vans,1999 - 2007,Gasoline · Diesel
TVR,1,14,Griffith,convertibles,1992 - present,Gasoline
TVR,1,14,Wedge Series,convertibles,1983 - 1987,Gasoline
TVR,1,14,Cerbera,coupes,1996 - 2004,Gasoline
TVR,1,14,Chimaera,convertibles,1992 - 2001,Gasoline
TVR,1,14,Sagaris,coupes,2004 - 2006,Gasoline
TVR,1,14,T350,coupes,2002 - 2006,Gasoline
TVR,1,14,Tamora,convertibles,2002 - 2006,Gasoline
TVR,1,14,Tuscan,coupes,2001 - 2005,Gasoline
TVR,1,14,Tuscan R/ T 440R/T 400R/ Typhon,coupes,2000 - 2006,Gasoline
TVR,1,14,Tuscan S,coupes,2001 - 2006,Gasoline
TVR,1,14,Tuscan S Convertible,convertibles,2005 - 2006,Gasoline
VAUXHALL,11,55,Grandland,SUV,2021 - present,Gasoline · Diesel · Hybrid gasoline · Plug-in hybrid · Mild hybrid · Electric
VAUXHALL,11,55,Astra Estate,Wagon,2004 - present,Diesel · Gasoline · Plug-in hybrid
VAUXHALL,11,55,Astra Hatchback,Hatchback,2004 - present,Diesel · Gasoline · Plug-in hybrid
VAUXHALL,11,55,Corsa 5 Doors,Hatchback,2001 - present,Gasoline · Diesel · Electric
VAUXHALL,11,55,Corsa 3 Doors,Hatchback,2001 - present,Gasoline · Diesel
VAUXHALL,11,55,VXR8,Sedan,2008 - present,Gasoline
VAUXHALL,11,55,Insignia VXR Sedan,Sedan,2012 - present,Gasoline
VinFast,2,0,VF 8,SUV,2022 - present,Electric
VinFast,2,0,VF 9,SUV,2022 - present,Electric
VOLKSWAGEN,70,207,Jetta GLI,sedans,2021 - present,Gasoline
VOLKSWAGEN,70,207,Golf 5 Doors,hatchbacks,1974 - present,Gasoline · Diesel · Natural gas · Hybrid
VOLKSWAGEN,70,207,Jetta / Vento / Bora,sedans,1992 - present,Gasoline · Diesel · Natural gas · Hybrid gasoline
VOLKSWAGEN,70,207,Golf Variant,wagons,1993 - present,Gasoline · Diesel · Natural gas · Mild hybrid
VOLKSWAGEN,70,207,Golf R Variant,wagons,2015 - present,Gasoline
VOLKSWAGEN,70,207,Golf R,hatchbacks,2002 - present,Gasoline
VOLKSWAGEN,70,207,Golf GTI / GTD / GTE,hatchbacks,1976 - present,Gasoline · Diesel · Hybrid gasoline · Hybrid
VOLKSWAGEN,70,207,Tiguan,suvs,1976 - present,Gasoline · Diesel · Hybrid · Plug-in hybrid
VOLKSWAGEN,70,207,Touareg,suvs,2021 - 2023,Gasoline
VOLKSWAGEN,70,207,Atlas,suvs,2002 - present,Diesel · Gasoline · Hybrid · Plug-in hybrid
VOLKSWAGEN,70,207,Touareg R,suvs,2017 - present,Gasoline
VOLKSWAGEN,70,207,Passat Variant,wagons,2020 - present,Hybrid · Plug-in hybrid
VOLKSWAGEN,70,207,Passat Variant GTE,wagons,2015 - present,Hybrid
VOLKSWAGEN,70,207,Passat,sedans,1981 - present,Gasoline · Natural gas · Diesel
VOLKSWAGEN,70,207,Passat Alltrack,wagons,2012 - present,Gasoline · Diesel
VOLKSWAGEN,70,207,e-UP!,hatchbacks,2013 - present,Electric
VOLKSWAGEN,70,207,Golf Sportsvan,hatchbacks,2014 - present,Gasoline · Diesel
VOLKSWAGEN,70,207,Caddy,vans,2005 - present,Gasoline · Diesel · Natural gas
VOLKSWAGEN,70,207,e-Golf,hatchbacks,2014 - present,Electric
VOLKSWAGEN,70,207,Touran,vans,2003 - present,Gasoline · Diesel · Hybrid · Natural gas
VOLKSWAGEN,70,207,Scirocco,hatchbacks,1977 - present,Gasoline · Diesel
VOLKSWAGEN,70,207,Scirocco R,coupes,2009 - present,Gasoline
VOLKSWAGEN,70,207,Gol,hatchbacks,2008 - present,Ethanol
VOLKSWAGEN,70,207,Polo Sedan,sedans,1996 - present,Gasoline · Diesel
VOLKSWAGEN,70,207,ID.7 Tourer,wagons,2024 - present,Electric
VOLKSWAGEN,70,207,ID.5,suvs,2021 - present,Electric
VOLKSWAGEN,70,207,ID.7 GTX Tourer,wagons,2024 - present,Electric
VOLKSWAGEN,70,207,ID.7 GTX,sedans,2024 - present,Electric
VOLKSWAGEN,70,207,Tayron,suvs,2025 - present,Mild hybrid · Plug-in hybrid · Diesel · Gasoline
VOLKSWAGEN,70,207,Taigo,suvs,2021 - present,Gasoline
VOLKSWAGEN,70,207,Atlas Cross Sport,suvs,2019 - present,Gasoline
VOLKSWAGEN,70,207,Nivus,suvs,2020 - present,Gasoline
VOLKSWAGEN,70,207,ID.4,suvs,2020 - present,Electric
VOLKSWAGEN,70,207,ID.3 GTX,hatchbacks,2024 - present,Electric
VOLKSWAGEN,70,207,Taos,suvs,2024 - present,Gasoline
VOLKSWAGEN,70,207,ID. Buzz,vans,2023 - present,Electric
VOLKSWAGEN,70,207,ID.7,sedans,2023 - present,Electric
VOLKSWAGEN,70,207,T-Cross,suvs,2018 - present,Gasoline · Diesel
VOLKSWAGEN,70,207,ID.5 GTX,suvs,2021 - present,Electric
VOLKSWAGEN,70,207,Transporter Kombi,vans,2015 - present,Diesel · Gasoline
VOLKSWAGEN,70,207,Arteon Shooting Brake,wagons,2020 - present,Hybrid gasoline · Gasoline
VOLKSWAGEN,70,207,Polo BlueGT,hatchbacks,2013 - present,Gasoline
VOLKSWAGEN,70,207,Golf GTD Variant,wagons,2015 - present,Diesel
VOLKSWAGEN,70,207,up! GTI,hatchbacks,2018 - present,Gasoline
VOLVO,19,89,S90,sedans,1997 - present,Gasoline · Diesel · Hybrid
VOLVO,19,89,XC60,suvs,2008 - present,Diesel · Gasoline · Hybrid · Mild hybrid · Plug-in hybrid · Mild hybrid diesel
VOLVO,19,89,XC90,suvs,2002 - present,Diesel · Gasoline · Hybrid · Mild hybrid · Plug-in hybrid
VOLVO,19,89,XC40,suvs,2017 - present,Gasoline · Diesel · Electric
VOLVO,19,89,V90 Cross Country,wagons,2016 - present,Diesel · Gasoline
VOLVO,19,89,V90,wagons,1997 - present,Gasoline · Diesel · Hybrid gasoline · Hybrid
VOLVO,19,89,S60,sedans,2000 - present,Gasoline · Diesel · Ethanol · Hybrid
VOLVO,19,89,V60 Cross Country,wagons,2015 - present,Diesel · Gasoline
VOLVO,19,89,V60 Polestar,wagons,2013 - present,Gasoline
VOLVO,19,89,V60,wagons,2010 - present,Diesel · Ethanol · Gasoline · Hybrid gasoline · Natural gas · Hybrid
VOLVO,19,89,S60 Polestar,sedans,2014 - present,Gasoline
VOLVO,19,89,EX30,suvs,2023 - present,Electric
VOLVO,19,89,EX90,suvs,2022 - present,Electric
VOLVO,19,89,EX30 Cross Country,suvs,2025 - present,Electric
VOLVO,19,89,ES90,sedans,2025 - present,Electric
VOLVO,19,89,EM90,vans,2023 - present,Electric
VOLVO,19,89,C40,suvs,2021 - present,Electric
WIESMANN,7,4,GT MF5,coupes,2008 - present,Gasoline
WIESMANN,7,4,GT MF4,coupes,2003 - present,Gasoline
WIESMANN,7,4,MF4 Roadster,convertibles,2009 - present,Gasoline
WIESMANN,7,4,MF5 Roadster,convertibles,2009 - present,Gasoline
WIESMANN,7,4,GT MF4-CS,coupes,2013 - present,Gasoline
WIESMANN,7,4,MF4-S Roadster,convertibles,2010 - present,Gasoline
WIESMANN,7,4,GT MF4-S,coupes,2010 - present,Gasoline
Xpeng,5,1,G3,SUV,2018 - present,Electric
Xpeng,5,1,P5,Sedan,2021 - present,Electric
Xpeng,5,1,G6,SUV,2023 - present,Electric
Xpeng,5,1,G9,SUV,2021 - present,Electric
Xpeng,5,1,P7,Sedan,2020 - present,Electric
ZENDER,0,6,Escape 6,discontinued,2000 - 0,Gasoline
ZENDER,0,6,Fact 4 BiTurbo,discontinued,1989 - 0,Gasoline
ZENDER,0,6,Fact 4 Spider,discontinued,1991 - 0,Gasoline
ZENDER,0,6,Progetto 5,discontinued,1997 - 0,Gasoline
ZENDER,0,6,Straight 8,discontinued,2001 - 0,Gasoline
ZENDER,0,6,Thirty 7,discontinued,1999 - 0,Gasoline
Zenvo,4,1,Aurora,coupes,2023 - present,Hybrid gasoline · Mild hybrid
Zenvo,4,1,TS1,coupes,2017 - present,Gasoline
Zenvo,4,1,TSR-S,coupes,2018 - present,Gasoline
Zenvo,4,1,ST1,coupes,2009 - 2017,Gasoline
